#,1か月あたり・税込。基本使用料は5㎥まで。案Aは全区分を一律に引き上げ、案Bは基本使用料を据え置いて6〜10㎥を引き上げる
料金案,基本使用料(5㎥まで),6〜10㎥,11〜50㎥,51㎥〜,11㎥での単価の跳ね上がり,基本使用料の増減率(%)
現行,1108.8,40.7,191.4,220.0,4.70倍,+0.0
案A +5%（一律改定）,1164.2,42.7,201.0,231.0,4.71倍,+5.0
案A +10%（一律改定）,1219.7,44.8,210.5,242.0,4.70倍,+10.0
案A +15%（一律改定）,1275.1,46.8,220.1,253.0,4.70倍,+15.0
案B +5%（体系見直し）,1108.8,60,200.7,231.0,3.34倍,+0.0
案B +10%（体系見直し）,1108.8,80,209.5,242.0,2.62倍,+0.0
案B +15%（体系見直し）,1108.8,90,225.1,253.0,2.50倍,+0.0
（参考）集計ブック案1,1220,45.5,211.5,242,4.65倍,+10.0
