振興局,自治体,区分
石狩,札幌市,市
石狩,江別市,市
石狩,千歳市,市
石狩,恵庭市,市
石狩,北広島市,市
石狩,石狩市,市
石狩,当別町,町
石狩,新篠津村,村
渡島,函館市,市
渡島,北斗市,市
渡島,松前町,町
渡島,福島町,町
渡島,知内町,町
渡島,木古内町,町
渡島,七飯町,町
渡島,鹿部町,町
渡島,森町,町
渡島,八雲町,町
渡島,長万部町,町
檜山,江差町,町
檜山,上ノ国町,町
檜山,厚沢部町,町
檜山,乙部町,町
檜山,奥尻町,町
檜山,今金町,町
檜山,せたな町,町
後志,小樽市,市
後志,島牧村,村
後志,神恵内村,村
後志,泊村,村
後志,真狩村,村
後志,留寿都村,村
後志,赤井川村,村
後志,寿都町,町
後志,黒松内町,町
後志,蘭越町,町
後志,ニセコ町,町
後志,積丹町,町
後志,古平町,町
後志,仁木町,町
後志,余市町,町
後志,京極町,町
後志,倶知安町,町
後志,共和町,町
後志,岩内町,町
後志,喜茂別町,町
胆振,室蘭市,市
胆振,苫小牧市,市
胆振,登別市,市
胆振,伊達市,市
胆振,豊浦町,町
胆振,壮瞥町,町
胆振,白老町,町
胆振,厚真町,町
胆振,洞爺湖町,町
胆振,安平町,町
胆振,むかわ町,町
日高,日高町,町
日高,平取町,町
日高,新冠町,町
日高,浦河町,町
日高,様似町,町
日高,えりも町,町
日高,新ひだか町,町
空知,夕張市,市
空知,岩見沢市,市
空知,美唄市,市
空知,芦別市,市
空知,赤平市,市
空知,三笠市,市
空知,滝川市,市
空知,砂川市,市
空知,歌志内市,市
空知,深川市,市
空知,南幌町,町
空知,奈井江町,町
空知,上砂川町,町
空知,由仁町,町
空知,長沼町,町
空知,栗山町,町
空知,月形町,町
空知,浦臼町,町
空知,新十津川町,町
空知,妹背牛町,町
空知,秩父別町,町
空知,雨竜町,町
空知,北竜町,町
空知,沼田町,町
上川,旭川市,市
上川,士別市,市
上川,名寄市,市
上川,富良野市,市
上川,鷹栖町,町
上川,東神楽町,町
上川,当麻町,町
上川,比布町,町
上川,愛別町,町
上川,上川町,町
上川,東川町,町
上川,美瑛町,町
上川,上富良野町,町
上川,中富良野町,町
上川,南富良野町,町
上川,和寒町,町
上川,剣淵町,町
上川,下川町,町
上川,美深町,町
上川,中川町,町
上川,幌加内町,町
上川,占冠村,村
上川,音威子府村,村
留萌,留萌市,市
留萌,増毛町,町
留萌,小平町,町
留萌,苫前町,町
留萌,羽幌町,町
留萌,遠別町,町
留萌,天塩町,町
留萌,初山別村,村
宗谷,稚内市,市
宗谷,浜頓別町,町
宗谷,中頓別町,町
宗谷,枝幸町,町
宗谷,豊富町,町
宗谷,礼文町,町
宗谷,利尻町,町
宗谷,利尻富士町,町
宗谷,幌延町,町
宗谷,猿払村,村
オホーツク,北見市,市
オホーツク,網走市,市
オホーツク,紋別市,市
オホーツク,美幌町,町
オホーツク,津別町,町
オホーツク,斜里町,町
オホーツク,清里町,町
オホーツク,小清水町,町
オホーツク,訓子府町,町
オホーツク,置戸町,町
オホーツク,佐呂間町,町
オホーツク,遠軽町,町
オホーツク,湧別町,町
オホーツク,滝上町,町
オホーツク,興部町,町
オホーツク,雄武町,町
オホーツク,大空町,町
オホーツク,西興部村,村
十勝,帯広市,市
十勝,音更町,町
十勝,士幌町,町
十勝,上士幌町,町
十勝,鹿追町,町
十勝,新得町,町
十勝,清水町,町
十勝,芽室町,町
十勝,大樹町,町
十勝,広尾町,町
十勝,幕別町,町
十勝,池田町,町
十勝,豊頃町,町
十勝,本別町,町
十勝,足寄町,町
十勝,陸別町,町
十勝,浦幌町,町
十勝,中札内村,村
十勝,更別村,村
釧路,釧路市,市
釧路,釧路町,町
釧路,厚岸町,町
釧路,浜中町,町
釧路,標茶町,町
釧路,弟子屈町,町
釧路,白糠町,町
釧路,鶴居村,村
根室,根室市,市
根室,別海町,町
根室,中標津町,町
根室,標津町,町
根室,羅臼町,町
