県,自治体,区分
青森県,青森市,市
青森県,弘前市,市
青森県,八戸市,市
青森県,黒石市,市
青森県,五所川原市,市
青森県,十和田市,市
青森県,三沢市,市
青森県,むつ市,市
青森県,つがる市,市
青森県,平川市,市
青森県,平内町,町村
青森県,今別町,町村
青森県,蓬田村,町村
青森県,外ヶ浜町,町村
青森県,鰺ヶ沢町,町村
青森県,深浦町,町村
青森県,西目屋村,町村
青森県,藤崎町,町村
青森県,大鰐町,町村
青森県,田舎館村,町村
青森県,板柳町,町村
青森県,鶴田町,町村
青森県,中泊町,町村
青森県,野辺地町,町村
青森県,七戸町,町村
青森県,六戸町,町村
青森県,横浜町,町村
青森県,東北町,町村
青森県,六ヶ所村,町村
青森県,おいらせ町,町村
青森県,大間町,町村
青森県,東通村,町村
青森県,風間浦村,町村
青森県,佐井村,町村
青森県,三戸町,町村
青森県,五戸町,町村
青森県,田子町,町村
青森県,南部町,町村
青森県,階上町,町村
青森県,新郷村,町村
岩手県,盛岡市,市
岩手県,宮古市,市
岩手県,大船渡市,市
岩手県,花巻市,市
岩手県,北上市,市
岩手県,久慈市,市
岩手県,遠野市,市
岩手県,一関市,市
岩手県,陸前高田市,市
岩手県,釜石市,市
岩手県,二戸市,市
岩手県,八幡平市,市
岩手県,奥州市,市
岩手県,滝沢市,市
岩手県,雫石町,町村
岩手県,葛巻町,町村
岩手県,岩手町,町村
岩手県,紫波町,町村
岩手県,矢巾町,町村
岩手県,西和賀町,町村
岩手県,金ケ崎町,町村
岩手県,平泉町,町村
岩手県,住田町,町村
岩手県,大槌町,町村
岩手県,山田町,町村
岩手県,岩泉町,町村
岩手県,田野畑村,町村
岩手県,普代村,町村
岩手県,軽米町,町村
岩手県,野田村,町村
岩手県,九戸村,町村
岩手県,洋野町,町村
岩手県,一戸町,町村
宮城県,仙台市,市
宮城県,石巻市,市
宮城県,塩竈市,市
宮城県,気仙沼市,市
宮城県,白石市,市
宮城県,名取市,市
宮城県,角田市,市
宮城県,多賀城市,市
宮城県,岩沼市,市
宮城県,登米市,市
宮城県,栗原市,市
宮城県,東松島市,市
宮城県,大崎市,市
宮城県,富谷市,市
宮城県,蔵王町,町村
宮城県,七ヶ宿町,町村
宮城県,大河原町,町村
宮城県,村田町,町村
宮城県,柴田町,町村
宮城県,川崎町,町村
宮城県,丸森町,町村
宮城県,亘理町,町村
宮城県,山元町,町村
宮城県,松島町,町村
宮城県,七ヶ浜町,町村
宮城県,利府町,町村
宮城県,大和町,町村
宮城県,大郷町,町村
宮城県,大衡村,町村
宮城県,色麻町,町村
宮城県,加美町,町村
宮城県,涌谷町,町村
宮城県,美里町,町村
宮城県,女川町,町村
宮城県,南三陸町,町村
秋田県,秋田市,市
秋田県,能代市,市
秋田県,横手市,市
秋田県,大館市,市
秋田県,男鹿市,市
秋田県,湯沢市,市
秋田県,鹿角市,市
秋田県,由利本荘市,市
秋田県,潟上市,市
秋田県,大仙市,市
秋田県,北秋田市,市
秋田県,にかほ市,市
秋田県,仙北市,市
秋田県,小坂町,町村
秋田県,上小阿仁村,町村
秋田県,藤里町,町村
秋田県,三種町,町村
秋田県,八峰町,町村
秋田県,五城目町,町村
秋田県,八郎潟町,町村
秋田県,井川町,町村
秋田県,大潟村,町村
秋田県,美郷町,町村
秋田県,羽後町,町村
秋田県,東成瀬村,町村
山形県,山形市,市
山形県,米沢市,市
山形県,鶴岡市,市
山形県,酒田市,市
山形県,新庄市,市
山形県,寒河江市,市
山形県,上山市,市
山形県,村山市,市
山形県,長井市,市
山形県,天童市,市
山形県,東根市,市
山形県,尾花沢市,市
山形県,南陽市,市
山形県,山辺町,町村
山形県,中山町,町村
山形県,河北町,町村
山形県,西川町,町村
山形県,朝日町,町村
山形県,大江町,町村
山形県,大石田町,町村
山形県,金山町,町村
山形県,最上町,町村
山形県,舟形町,町村
山形県,真室川町,町村
山形県,大蔵村,町村
山形県,鮭川村,町村
山形県,戸沢村,町村
山形県,高畠町,町村
山形県,川西町,町村
山形県,小国町,町村
山形県,白鷹町,町村
山形県,飯豊町,町村
山形県,三川町,町村
山形県,庄内町,町村
山形県,遊佐町,町村
福島県,福島市,市
福島県,会津若松市,市
福島県,郡山市,市
福島県,いわき市,市
福島県,白河市,市
福島県,須賀川市,市
福島県,喜多方市,市
福島県,相馬市,市
福島県,二本松市,市
福島県,田村市,市
福島県,南相馬市,市
福島県,伊達市,市
福島県,本宮市,市
福島県,桑折町,町村
福島県,国見町,町村
福島県,川俣町,町村
福島県,大玉村,町村
福島県,鏡石町,町村
福島県,天栄村,町村
福島県,下郷町,町村
福島県,檜枝岐村,町村
福島県,只見町,町村
福島県,南会津町,町村
福島県,北塩原村,町村
福島県,西会津町,町村
福島県,磐梯町,町村
福島県,猪苗代町,町村
福島県,会津坂下町,町村
福島県,湯川村,町村
福島県,柳津町,町村
福島県,三島町,町村
福島県,金山町,町村
福島県,昭和村,町村
福島県,会津美里町,町村
福島県,西郷村,町村
福島県,泉崎村,町村
福島県,中島村,町村
福島県,矢吹町,町村
福島県,棚倉町,町村
福島県,矢祭町,町村
福島県,塙町,町村
福島県,鮫川村,町村
福島県,石川町,町村
福島県,玉川村,町村
福島県,平田村,町村
福島県,浅川町,町村
福島県,古殿町,町村
福島県,三春町,町村
福島県,小野町,町村
福島県,広野町,町村
福島県,楢葉町,町村
福島県,富岡町,町村
福島県,川内村,町村
福島県,大熊町,町村
福島県,双葉町,町村
福島県,浪江町,町村
福島県,葛尾村,町村
福島県,新地町,町村
福島県,飯舘村,町村
