② 営業先マスタ ｜ 北海道179市町村・東北6県227市町村・7道県（計413団体）,,,,,,,,,,,,,,
No,都道府県,自治体名,区分,地域,区域施策編 策定義務,現行 環境基本計画 名称,計画期間 開始年度,計画期間 終期年度,R9年度満了 判定,確認状況,出典・確認先,接触優先度 （仮置き）,次アクション,備考
1,北海道,北海道,道県,―,義務,北海道環境基本計画［第3次計画］,令和3年度(2021),,要確認,一部確認（策定年のみ）,北海道 環境生活部環境政策課。令和3年3月策定。複数回検索したが終期はHTML上で確認できず、計画本文の確認が必要,優先（義務団体・道ルート）,終期の確認と併せて、道の市町村支援・共同策定の枠組みを確認する。営業ルートの選択に直結する,県は市町村支援・共同策定の枠組みを持つ場合があるため、市町村より先に確認する
2,青森県,青森県,道県,―,義務,第6次青森県環境計画（青森県環境総合プラン）,令和6年度(2024),令和10年度(2028),非該当,確認済,青森県 第6次青森県環境計画（令和6年3月）。計画期間は令和6～10年度の5年間,中（R10満了・R9夏に予算要求期）,令和10年度満了のため改定業務は令和10年度。県への接触は令和9年度の夏～秋。並行して県の市町村支援メニューを確認する,県は市町村支援・共同策定の枠組みを持つ場合があるため、市町村より先に確認する
3,岩手県,岩手県,道県,―,義務,岩手県環境基本計画,令和3年度(2021),令和12年度(2030),非該当,確認済,岩手県 環境基本計画ページ（計画期間 令和3年度から令和12年度）,優先（義務団体・県ルート）,終期の前年度に予算が立つため、接触時期をカレンダーに置く,県は市町村支援・共同策定の枠組みを持つ場合があるため、市町村より先に確認する
4,宮城県,宮城県,道県,―,義務,宮城県環境基本計画（第4期）,令和3年度(2021),令和12年度(2030),非該当,確認済,宮城県公式サイト 環境基本計画（第4期）。計画期間は令和3年度～令和12年度,中（県ルート）,令和12年度満了。期間中は県の市町村支援・共同策定の枠組みの有無を確認する,県は市町村支援・共同策定の枠組みを持つ場合があるため、市町村より先に確認する
5,秋田県,秋田県,道県,―,義務,第3次秋田県環境基本計画,令和3年度(2021),,要確認,一部確認（策定年のみ）,秋田県 環境基本計画。第3次を令和3年3月31日に策定。終期は未確認。なお第4次秋田県循環型社会形成推進基本計画は令和3年度～令和7年度,優先（義務団体・県ルート）,計画本文で終期を確認する。10年計画なら令和12年度満了,県は市町村支援・共同策定の枠組みを持つ場合があるため、市町村より先に確認する
6,山形県,山形県,道県,―,義務,第4次山形県環境計画,令和3年度(2021),令和12年度(2030),非該当,確認済,山形県公式サイト 第4次山形県環境計画（令和3年3月策定・10年間）。従前リストの『第3次』は平成23年度～令和2年度で終了済のため計画名を訂正,中（県ルート）,令和12年度満了。期間中は県の市町村支援・共同策定の枠組みの有無を確認する,県は市町村支援・共同策定の枠組みを持つ場合があるため、市町村より先に確認する
7,福島県,福島県,道県,―,義務,福島県環境基本計画（第5次）,令和4年度(2022),,要確認,一部確認（次数・前計画の終了年のみ）,福島県 環境基本計画（第5次）。第4次が令和3年度で終了し、令和3年11月の環境審議会答申を経て第5次を策定。終期は未確認,優先（義務団体・県ルート）,計画本文で計画期間を確認する,県は市町村支援・共同策定の枠組みを持つ場合があるため、市町村より先に確認する
8,北海道,札幌市,市,石狩（振興局）,義務,第2次札幌市環境基本計画,平成30年度(2018),令和12年度(2030),非該当,確認済,札幌市 第2次環境基本計画ページ／資料編PDF（2018-2030）,優先（義務団体）,終期の前年度に予算が立つため、接触時期をカレンダーに置く,
9,北海道,江別市,市,石狩（振興局）,努力義務,えべつアジェンダ21―江別市環境管理計画―,平成7年度(1995),計画期間30年（終期到来・後継未確認）,◇満了期・後継要確認,確認済（30年計画・後期推進計画は令和5年度終了）,江別市 環境管理計画。平成7年度に計画期間30年で策定。後期推進計画は平成26年度から令和5年度で終了済。後継計画の状況は未確認,優先（満了期・後継未確認）,30年計画の終期が到来し、後期推進計画も令和5年度で終了している。後継計画の有無と策定予定を早急に確認する,
10,北海道,千歳市,市,石狩（振興局）,努力義務,第3次千歳市環境基本計画,令和3年度(2021),令和12年度(2030),非該当,確認済,千歳市 第3次環境基本計画（令和3年度～令和12年度）,低（期間先）,令和12年度満了。次期改定は令和11年度頃から予算化を確認する,
11,北海道,恵庭市,市,石狩（振興局）,努力義務,,,,未確認,未確認,団体サイトの環境基本計画ページ,中,計画PDFの表紙・第1章で計画期間を確認し、終期欄を埋める,
12,北海道,北広島市,市,石狩（振興局）,努力義務,第3次北広島市環境基本計画,令和3年度(2021),,要確認,一部確認（策定年・一部改定確認）,北広島市 第3次環境基本計画。第2次が令和2年度で10年の期間を終了。令和5年2月のゼロカーボンシティ宣言を受け、令和5年4月に地球環境分野を一部改定,中（終期要確認・期間中改定の実例）,計画PDFで終期を確認する。地球環境分野の一部改定実績があるため、国の2035年度目標を踏まえた再度の部分改定の余地もある,
13,北海道,石狩市,市,石狩（振興局）,努力義務,石狩市環境基本計画（第3次）,令和5年度(2023),令和24年度(2042)頃（20年計画）,非該当,確認済（20年計画）,石狩市 環境基本計画。令和5年3月策定・計画期間20年。第2次は令和2年度で終了,低（20年計画）,20年計画のため改定需要は当面ない。中間見直しの規定の有無だけ確認する,
14,北海道,当別町,町,石狩（振興局）,努力義務,,,,未確認,未確認,団体サイトの環境基本計画ページ,低（要件次第）,計画PDFの表紙・第1章で計画期間を確認し、終期欄を埋める,
15,北海道,新篠津村,村,石狩（振興局）,努力義務,,,,未確認,未確認,団体サイトの環境基本計画ページ,低（要件次第）,計画PDFの表紙・第1章で計画期間を確認し、終期欄を埋める,
16,北海道,函館市,市,渡島（振興局）,義務,函館市環境基本計画［第3次計画］,令和2年度(2020),,要確認,一部確認（策定年のみ）,函館市／EPO北海道。令和2年3月策定。複数回検索したが終期はHTML上で確認できず、計画PDFの確認が必要。総合計画は2017～2026年,最優先（義務団体・終期要確認）,計画PDFの表紙・第1章で終期を最優先確認する。8年計画なら令和9年度満了で該当、10年なら令和11年度満了,
17,北海道,北斗市,市,渡島（振興局）,努力義務,,,,未確認,未確認,団体サイトの環境基本計画ページ,中,計画PDFの表紙・第1章で計画期間を確認し、終期欄を埋める,
18,北海道,松前町,町,渡島（振興局）,努力義務,,,,未確認,未確認,団体サイトの環境基本計画ページ,低（要件次第）,計画PDFの表紙・第1章で計画期間を確認し、終期欄を埋める,
19,北海道,福島町,町,渡島（振興局）,努力義務,,,,未確認,未確認,団体サイトの環境基本計画ページ,低（要件次第）,計画PDFの表紙・第1章で計画期間を確認し、終期欄を埋める,
20,北海道,知内町,町,渡島（振興局）,努力義務,,,,未確認,未確認,団体サイトの環境基本計画ページ,低（要件次第）,計画PDFの表紙・第1章で計画期間を確認し、終期欄を埋める,
21,北海道,木古内町,町,渡島（振興局）,努力義務,,,,未確認,未確認,団体サイトの環境基本計画ページ,低（要件次第）,計画PDFの表紙・第1章で計画期間を確認し、終期欄を埋める,
22,北海道,七飯町,町,渡島（振興局）,努力義務,,,,未確認,未確認,団体サイトの環境基本計画ページ,低（要件次第）,計画PDFの表紙・第1章で計画期間を確認し、終期欄を埋める,
23,北海道,鹿部町,町,渡島（振興局）,努力義務,,,,未確認,未確認,団体サイトの環境基本計画ページ,低（要件次第）,計画PDFの表紙・第1章で計画期間を確認し、終期欄を埋める,
24,北海道,森町,町,渡島（振興局）,努力義務,,,,未確認,未確認,団体サイトの環境基本計画ページ,低（要件次第）,計画PDFの表紙・第1章で計画期間を確認し、終期欄を埋める,
25,北海道,八雲町,町,渡島（振興局）,努力義務,,,,未確認,未確認,団体サイトの環境基本計画ページ,低（要件次第）,計画PDFの表紙・第1章で計画期間を確認し、終期欄を埋める,
26,北海道,長万部町,町,渡島（振興局）,努力義務,,,,未確認,未確認,団体サイトの環境基本計画ページ,低（要件次第）,計画PDFの表紙・第1章で計画期間を確認し、終期欄を埋める,
27,北海道,江差町,町,檜山（振興局）,努力義務,,,,未確認,未確認,団体サイトの環境基本計画ページ,低（要件次第）,計画PDFの表紙・第1章で計画期間を確認し、終期欄を埋める,
28,北海道,上ノ国町,町,檜山（振興局）,努力義務,,,,未確認,未確認,団体サイトの環境基本計画ページ,低（要件次第）,計画PDFの表紙・第1章で計画期間を確認し、終期欄を埋める,
29,北海道,厚沢部町,町,檜山（振興局）,努力義務,,,,未確認,未確認,団体サイトの環境基本計画ページ,低（要件次第）,計画PDFの表紙・第1章で計画期間を確認し、終期欄を埋める,
30,北海道,乙部町,町,檜山（振興局）,努力義務,,,,未確認,未確認,団体サイトの環境基本計画ページ,低（要件次第）,計画PDFの表紙・第1章で計画期間を確認し、終期欄を埋める,
31,北海道,奥尻町,町,檜山（振興局）,努力義務,,,,未確認,未確認,団体サイトの環境基本計画ページ,低（要件次第）,計画PDFの表紙・第1章で計画期間を確認し、終期欄を埋める,
32,北海道,今金町,町,檜山（振興局）,努力義務,,,,未確認,未確認,団体サイトの環境基本計画ページ,低（要件次第）,計画PDFの表紙・第1章で計画期間を確認し、終期欄を埋める,
33,北海道,せたな町,町,檜山（振興局）,努力義務,,,,未確認,未確認,団体サイトの環境基本計画ページ,低（要件次第）,計画PDFの表紙・第1章で計画期間を確認し、終期欄を埋める,
34,北海道,小樽市,市,後志（振興局）,努力義務,,,,要確認,公式検索確認,小樽市サイト・検索では環境基本計画の計画期間を確認できず。『小樽市の環境』（年次報告）と緑の基本計画は確認できる,中（未確認継続）,公式の計画一覧・生活環境部のページで環境基本計画の有無とPDFを継続確認する,
35,北海道,島牧村,村,後志（振興局）,努力義務,,,,未確認,未確認,団体サイトの環境基本計画ページ,低（要件次第）,計画PDFの表紙・第1章で計画期間を確認し、終期欄を埋める,
36,北海道,寿都町,町,後志（振興局）,努力義務,,,,未確認,未確認,団体サイトの環境基本計画ページ,低（要件次第）,計画PDFの表紙・第1章で計画期間を確認し、終期欄を埋める,
37,北海道,黒松内町,町,後志（振興局）,努力義務,,,,未確認,未確認,団体サイトの環境基本計画ページ,低（要件次第）,計画PDFの表紙・第1章で計画期間を確認し、終期欄を埋める,
38,北海道,蘭越町,町,後志（振興局）,努力義務,,,,未確認,未確認,団体サイトの環境基本計画ページ,低（要件次第）,計画PDFの表紙・第1章で計画期間を確認し、終期欄を埋める,
39,北海道,ニセコ町,町,後志（振興局）,努力義務,,,,未確認,未確認,団体サイトの環境基本計画ページ,低（要件次第）,計画PDFの表紙・第1章で計画期間を確認し、終期欄を埋める,
40,北海道,真狩村,村,後志（振興局）,努力義務,,,,未確認,未確認,団体サイトの環境基本計画ページ,低（要件次第）,計画PDFの表紙・第1章で計画期間を確認し、終期欄を埋める,
41,北海道,留寿都村,村,後志（振興局）,努力義務,,,,未確認,未確認,団体サイトの環境基本計画ページ,低（要件次第）,計画PDFの表紙・第1章で計画期間を確認し、終期欄を埋める,
42,北海道,喜茂別町,町,後志（振興局）,努力義務,,,,未確認,未確認,団体サイトの環境基本計画ページ,低（要件次第）,計画PDFの表紙・第1章で計画期間を確認し、終期欄を埋める,
43,北海道,京極町,町,後志（振興局）,努力義務,,,,未確認,未確認,団体サイトの環境基本計画ページ,低（要件次第）,計画PDFの表紙・第1章で計画期間を確認し、終期欄を埋める,
44,北海道,倶知安町,町,後志（振興局）,努力義務,,,,未確認,未確認,団体サイトの環境基本計画ページ,低（要件次第）,計画PDFの表紙・第1章で計画期間を確認し、終期欄を埋める,
45,北海道,共和町,町,後志（振興局）,努力義務,,,,未確認,未確認,団体サイトの環境基本計画ページ,低（要件次第）,計画PDFの表紙・第1章で計画期間を確認し、終期欄を埋める,
46,北海道,岩内町,町,後志（振興局）,努力義務,,,,未確認,未確認,団体サイトの環境基本計画ページ,低（要件次第）,計画PDFの表紙・第1章で計画期間を確認し、終期欄を埋める,
47,北海道,泊村,村,後志（振興局）,努力義務,,,,未確認,未確認,団体サイトの環境基本計画ページ,低（要件次第）,計画PDFの表紙・第1章で計画期間を確認し、終期欄を埋める,
48,北海道,神恵内村,村,後志（振興局）,努力義務,,,,未確認,未確認,団体サイトの環境基本計画ページ,低（要件次第）,計画PDFの表紙・第1章で計画期間を確認し、終期欄を埋める,
49,北海道,積丹町,町,後志（振興局）,努力義務,,,,未確認,未確認,団体サイトの環境基本計画ページ,低（要件次第）,計画PDFの表紙・第1章で計画期間を確認し、終期欄を埋める,
50,北海道,古平町,町,後志（振興局）,努力義務,,,,未確認,未確認,団体サイトの環境基本計画ページ,低（要件次第）,計画PDFの表紙・第1章で計画期間を確認し、終期欄を埋める,
51,北海道,仁木町,町,後志（振興局）,努力義務,,,,未確認,未確認,団体サイトの環境基本計画ページ,低（要件次第）,計画PDFの表紙・第1章で計画期間を確認し、終期欄を埋める,
52,北海道,余市町,町,後志（振興局）,努力義務,,,,未確認,未確認,団体サイトの環境基本計画ページ,低（要件次第）,計画PDFの表紙・第1章で計画期間を確認し、終期欄を埋める,
53,北海道,赤井川村,村,後志（振興局）,努力義務,,,,未確認,未確認,団体サイトの環境基本計画ページ,低（要件次第）,計画PDFの表紙・第1章で計画期間を確認し、終期欄を埋める,
54,北海道,夕張市,市,空知（振興局）,努力義務,,,,未確認,未確認,団体サイトの環境基本計画ページ,中,計画PDFの表紙・第1章で計画期間を確認し、終期欄を埋める,
55,北海道,岩見沢市,市,空知（振興局）,努力義務,,,,未確認,未確認,団体サイトの環境基本計画ページ,中,計画PDFの表紙・第1章で計画期間を確認し、終期欄を埋める,
56,北海道,美唄市,市,空知（振興局）,努力義務,,,,未確認,未確認,団体サイトの環境基本計画ページ,中,計画PDFの表紙・第1章で計画期間を確認し、終期欄を埋める,
57,北海道,芦別市,市,空知（振興局）,努力義務,,,,未確認,未確認,団体サイトの環境基本計画ページ,中,計画PDFの表紙・第1章で計画期間を確認し、終期欄を埋める,
58,北海道,赤平市,市,空知（振興局）,努力義務,,,,未確認,未確認,団体サイトの環境基本計画ページ,中,計画PDFの表紙・第1章で計画期間を確認し、終期欄を埋める,
59,北海道,三笠市,市,空知（振興局）,努力義務,,,,未確認,未確認,団体サイトの環境基本計画ページ,中,計画PDFの表紙・第1章で計画期間を確認し、終期欄を埋める,
60,北海道,滝川市,市,空知（振興局）,努力義務,,,,未確認,未確認,団体サイトの環境基本計画ページ,中,計画PDFの表紙・第1章で計画期間を確認し、終期欄を埋める,
61,北海道,砂川市,市,空知（振興局）,努力義務,,,,未確認,未確認,団体サイトの環境基本計画ページ,中,計画PDFの表紙・第1章で計画期間を確認し、終期欄を埋める,
62,北海道,歌志内市,市,空知（振興局）,努力義務,,,,未確認,未確認,団体サイトの環境基本計画ページ,中,計画PDFの表紙・第1章で計画期間を確認し、終期欄を埋める,
63,北海道,深川市,市,空知（振興局）,努力義務,,,,未確認,未確認,団体サイトの環境基本計画ページ,中,計画PDFの表紙・第1章で計画期間を確認し、終期欄を埋める,
64,北海道,南幌町,町,空知（振興局）,努力義務,,,,未確認,未確認,団体サイトの環境基本計画ページ,低（要件次第）,計画PDFの表紙・第1章で計画期間を確認し、終期欄を埋める,
65,北海道,奈井江町,町,空知（振興局）,努力義務,,,,未確認,未確認,団体サイトの環境基本計画ページ,低（要件次第）,計画PDFの表紙・第1章で計画期間を確認し、終期欄を埋める,
66,北海道,上砂川町,町,空知（振興局）,努力義務,,,,未確認,未確認,団体サイトの環境基本計画ページ,低（要件次第）,計画PDFの表紙・第1章で計画期間を確認し、終期欄を埋める,
67,北海道,由仁町,町,空知（振興局）,努力義務,,,,未確認,未確認,団体サイトの環境基本計画ページ,低（要件次第）,計画PDFの表紙・第1章で計画期間を確認し、終期欄を埋める,
68,北海道,長沼町,町,空知（振興局）,努力義務,,,,未確認,未確認,団体サイトの環境基本計画ページ,低（要件次第）,計画PDFの表紙・第1章で計画期間を確認し、終期欄を埋める,
69,北海道,栗山町,町,空知（振興局）,努力義務,,,,未確認,未確認,団体サイトの環境基本計画ページ,低（要件次第）,計画PDFの表紙・第1章で計画期間を確認し、終期欄を埋める,
70,北海道,月形町,町,空知（振興局）,努力義務,,,,未確認,未確認,団体サイトの環境基本計画ページ,低（要件次第）,計画PDFの表紙・第1章で計画期間を確認し、終期欄を埋める,
71,北海道,浦臼町,町,空知（振興局）,努力義務,,,,未確認,未確認,団体サイトの環境基本計画ページ,低（要件次第）,計画PDFの表紙・第1章で計画期間を確認し、終期欄を埋める,
72,北海道,新十津川町,町,空知（振興局）,努力義務,,,,未確認,未確認,団体サイトの環境基本計画ページ,低（要件次第）,計画PDFの表紙・第1章で計画期間を確認し、終期欄を埋める,
73,北海道,妹背牛町,町,空知（振興局）,努力義務,,,,未確認,未確認,団体サイトの環境基本計画ページ,低（要件次第）,計画PDFの表紙・第1章で計画期間を確認し、終期欄を埋める,
74,北海道,秩父別町,町,空知（振興局）,努力義務,,,,未確認,未確認,団体サイトの環境基本計画ページ,低（要件次第）,計画PDFの表紙・第1章で計画期間を確認し、終期欄を埋める,
75,北海道,雨竜町,町,空知（振興局）,努力義務,,,,未確認,未確認,団体サイトの環境基本計画ページ,低（要件次第）,計画PDFの表紙・第1章で計画期間を確認し、終期欄を埋める,
76,北海道,北竜町,町,空知（振興局）,努力義務,,,,未確認,未確認,団体サイトの環境基本計画ページ,低（要件次第）,計画PDFの表紙・第1章で計画期間を確認し、終期欄を埋める,
77,北海道,沼田町,町,空知（振興局）,努力義務,,,,未確認,未確認,団体サイトの環境基本計画ページ,低（要件次第）,計画PDFの表紙・第1章で計画期間を確認し、終期欄を埋める,
78,北海道,旭川市,市,上川（振興局）,義務,旭川市環境基本計画［第2次計画・改定版］,平成28年度(2016),令和9年度(2027),★該当,確認済,旭川市公式ページ https://www.city.asahikawa.hokkaido.jp/kurashi/271/307/3081/p002786.html。平成28年度～令和9年度。追加周期表では未確認扱いだったが、今回公式ページで確認済,最優先（R9満了）,令和9年度当初予算への計上を狙い、令和8年度の予算要求期（夏～秋）に接触する。改定必要度診断と概算見積を先に渡す,
79,北海道,士別市,市,上川（振興局）,努力義務,,,,未確認,未確認,団体サイトの環境基本計画ページ,中,計画PDFの表紙・第1章で計画期間を確認し、終期欄を埋める,
80,北海道,名寄市,市,上川（振興局）,努力義務,,,,未確認,未確認,団体サイトの環境基本計画ページ,中,計画PDFの表紙・第1章で計画期間を確認し、終期欄を埋める,
81,北海道,富良野市,市,上川（振興局）,努力義務,,,,未確認,未確認,団体サイトの環境基本計画ページ,中,計画PDFの表紙・第1章で計画期間を確認し、終期欄を埋める,
82,北海道,鷹栖町,町,上川（振興局）,努力義務,,,,未確認,未確認,団体サイトの環境基本計画ページ,低（要件次第）,計画PDFの表紙・第1章で計画期間を確認し、終期欄を埋める,
83,北海道,東神楽町,町,上川（振興局）,努力義務,,,,未確認,未確認,団体サイトの環境基本計画ページ,低（要件次第）,計画PDFの表紙・第1章で計画期間を確認し、終期欄を埋める,
84,北海道,当麻町,町,上川（振興局）,努力義務,,,,未確認,未確認,団体サイトの環境基本計画ページ,低（要件次第）,計画PDFの表紙・第1章で計画期間を確認し、終期欄を埋める,
85,北海道,比布町,町,上川（振興局）,努力義務,,,,未確認,未確認,団体サイトの環境基本計画ページ,低（要件次第）,計画PDFの表紙・第1章で計画期間を確認し、終期欄を埋める,
86,北海道,愛別町,町,上川（振興局）,努力義務,,,,未確認,未確認,団体サイトの環境基本計画ページ,低（要件次第）,計画PDFの表紙・第1章で計画期間を確認し、終期欄を埋める,
87,北海道,上川町,町,上川（振興局）,努力義務,,,,未確認,未確認,団体サイトの環境基本計画ページ,低（要件次第）,計画PDFの表紙・第1章で計画期間を確認し、終期欄を埋める,
88,北海道,東川町,町,上川（振興局）,努力義務,,,,未確認,未確認,団体サイトの環境基本計画ページ,低（要件次第）,計画PDFの表紙・第1章で計画期間を確認し、終期欄を埋める,
89,北海道,美瑛町,町,上川（振興局）,努力義務,,,,未確認,未確認,団体サイトの環境基本計画ページ,低（要件次第）,計画PDFの表紙・第1章で計画期間を確認し、終期欄を埋める,
90,北海道,上富良野町,町,上川（振興局）,努力義務,,,,未確認,未確認,団体サイトの環境基本計画ページ,低（要件次第）,計画PDFの表紙・第1章で計画期間を確認し、終期欄を埋める,
91,北海道,中富良野町,町,上川（振興局）,努力義務,,,,未確認,未確認,団体サイトの環境基本計画ページ,低（要件次第）,計画PDFの表紙・第1章で計画期間を確認し、終期欄を埋める,
92,北海道,南富良野町,町,上川（振興局）,努力義務,,,,未確認,未確認,団体サイトの環境基本計画ページ,低（要件次第）,計画PDFの表紙・第1章で計画期間を確認し、終期欄を埋める,
93,北海道,占冠村,村,上川（振興局）,努力義務,,,,未確認,未確認,団体サイトの環境基本計画ページ,低（要件次第）,計画PDFの表紙・第1章で計画期間を確認し、終期欄を埋める,
94,北海道,和寒町,町,上川（振興局）,努力義務,,,,未確認,未確認,団体サイトの環境基本計画ページ,低（要件次第）,計画PDFの表紙・第1章で計画期間を確認し、終期欄を埋める,
95,北海道,剣淵町,町,上川（振興局）,努力義務,,,,未確認,未確認,団体サイトの環境基本計画ページ,低（要件次第）,計画PDFの表紙・第1章で計画期間を確認し、終期欄を埋める,
96,北海道,下川町,町,上川（振興局）,努力義務,,,,未確認,未確認,団体サイトの環境基本計画ページ,低（要件次第）,計画PDFの表紙・第1章で計画期間を確認し、終期欄を埋める,
97,北海道,美深町,町,上川（振興局）,努力義務,,,,未確認,未確認,団体サイトの環境基本計画ページ,低（要件次第）,計画PDFの表紙・第1章で計画期間を確認し、終期欄を埋める,
98,北海道,音威子府村,村,上川（振興局）,努力義務,,,,未確認,未確認,団体サイトの環境基本計画ページ,低（要件次第）,計画PDFの表紙・第1章で計画期間を確認し、終期欄を埋める,
99,北海道,中川町,町,上川（振興局）,努力義務,,,,未確認,未確認,団体サイトの環境基本計画ページ,低（要件次第）,計画PDFの表紙・第1章で計画期間を確認し、終期欄を埋める,
100,北海道,幌加内町,町,上川（振興局）,努力義務,,,,未確認,未確認,団体サイトの環境基本計画ページ,低（要件次第）,計画PDFの表紙・第1章で計画期間を確認し、終期欄を埋める,
101,北海道,留萌市,市,留萌（振興局）,努力義務,,,,未確認,未確認,団体サイトの環境基本計画ページ,中,計画PDFの表紙・第1章で計画期間を確認し、終期欄を埋める,
102,北海道,増毛町,町,留萌（振興局）,努力義務,,,,未確認,未確認,団体サイトの環境基本計画ページ,低（要件次第）,計画PDFの表紙・第1章で計画期間を確認し、終期欄を埋める,
103,北海道,小平町,町,留萌（振興局）,努力義務,,,,未確認,未確認,団体サイトの環境基本計画ページ,低（要件次第）,計画PDFの表紙・第1章で計画期間を確認し、終期欄を埋める,
104,北海道,苫前町,町,留萌（振興局）,努力義務,,,,未確認,未確認,団体サイトの環境基本計画ページ,低（要件次第）,計画PDFの表紙・第1章で計画期間を確認し、終期欄を埋める,
105,北海道,羽幌町,町,留萌（振興局）,努力義務,,,,未確認,未確認,団体サイトの環境基本計画ページ,低（要件次第）,計画PDFの表紙・第1章で計画期間を確認し、終期欄を埋める,
106,北海道,初山別村,村,留萌（振興局）,努力義務,,,,未確認,未確認,団体サイトの環境基本計画ページ,低（要件次第）,計画PDFの表紙・第1章で計画期間を確認し、終期欄を埋める,
107,北海道,遠別町,町,留萌（振興局）,努力義務,,,,未確認,未確認,団体サイトの環境基本計画ページ,低（要件次第）,計画PDFの表紙・第1章で計画期間を確認し、終期欄を埋める,
108,北海道,天塩町,町,留萌（振興局）,努力義務,,,,未確認,未確認,団体サイトの環境基本計画ページ,低（要件次第）,計画PDFの表紙・第1章で計画期間を確認し、終期欄を埋める,
109,北海道,稚内市,市,宗谷（振興局）,努力義務,,,,未確認,未確認,団体サイトの環境基本計画ページ,中,計画PDFの表紙・第1章で計画期間を確認し、終期欄を埋める,
110,北海道,猿払村,村,宗谷（振興局）,努力義務,,,,未確認,未確認,団体サイトの環境基本計画ページ,低（要件次第）,計画PDFの表紙・第1章で計画期間を確認し、終期欄を埋める,
111,北海道,浜頓別町,町,宗谷（振興局）,努力義務,,,,未確認,未確認,団体サイトの環境基本計画ページ,低（要件次第）,計画PDFの表紙・第1章で計画期間を確認し、終期欄を埋める,
112,北海道,中頓別町,町,宗谷（振興局）,努力義務,,,,未確認,未確認,団体サイトの環境基本計画ページ,低（要件次第）,計画PDFの表紙・第1章で計画期間を確認し、終期欄を埋める,
113,北海道,枝幸町,町,宗谷（振興局）,努力義務,,,,未確認,未確認,団体サイトの環境基本計画ページ,低（要件次第）,計画PDFの表紙・第1章で計画期間を確認し、終期欄を埋める,
114,北海道,豊富町,町,宗谷（振興局）,努力義務,,,,未確認,未確認,団体サイトの環境基本計画ページ,低（要件次第）,計画PDFの表紙・第1章で計画期間を確認し、終期欄を埋める,
115,北海道,礼文町,町,宗谷（振興局）,努力義務,,,,未確認,未確認,団体サイトの環境基本計画ページ,低（要件次第）,計画PDFの表紙・第1章で計画期間を確認し、終期欄を埋める,
116,北海道,利尻町,町,宗谷（振興局）,努力義務,,,,未確認,未確認,団体サイトの環境基本計画ページ,低（要件次第）,計画PDFの表紙・第1章で計画期間を確認し、終期欄を埋める,
117,北海道,利尻富士町,町,宗谷（振興局）,努力義務,,,,未確認,未確認,団体サイトの環境基本計画ページ,低（要件次第）,計画PDFの表紙・第1章で計画期間を確認し、終期欄を埋める,
118,北海道,幌延町,町,宗谷（振興局）,努力義務,,,,未確認,未確認,団体サイトの環境基本計画ページ,低（要件次第）,計画PDFの表紙・第1章で計画期間を確認し、終期欄を埋める,
119,北海道,北見市,市,オホーツク（振興局）,努力義務,第2次北見市環境基本計画（改定版）,,,要確認,一部確認（計画掲載確認）,北見市 第2次環境基本計画（改定版）の掲載を確認。計画期間はHTML上で読めず、PDF確認が必要,中（終期要確認）,計画PDFで計画期間を確認する,
120,北海道,網走市,市,オホーツク（振興局）,努力義務,,,,未確認,未確認,団体サイトの環境基本計画ページ,中,計画PDFの表紙・第1章で計画期間を確認し、終期欄を埋める,
121,北海道,紋別市,市,オホーツク（振興局）,努力義務,,,,未確認,未確認,団体サイトの環境基本計画ページ,中,計画PDFの表紙・第1章で計画期間を確認し、終期欄を埋める,
122,北海道,美幌町,町,オホーツク（振興局）,努力義務,関連：地球温暖化対策実行計画等,令和7年度(2025)更新情報あり,環境基本計画の終期は未確認,未確認（関連計画のみ）,公式計画一覧確認,町公式の環境・産業分野一覧で関連計画を確認。環境基本計画の直接掲載は未確認 https://www.town.bihoro.hokkaido.jp/life/4/20/95/,中（温対連携）,温対計画PDFと環境基本計画の有無を継続確認,
123,北海道,津別町,町,オホーツク（振興局）,努力義務,津別町環境基本計画,平成26年度(2014),令和5年度(2023),要確認（満了済）,確認済（R5満了・後継未確認）,町公式ページでH26-R5の10年計画、R6検証・今後の課題協議を確認 https://www.town.tsubetsu.hokkaido.jp/soshiki/juminkikaku/14/859.html,優先（満了済・後継要確認）,次期計画の有無、R8補正・部分委託・随契支援の可能性を確認,
124,北海道,斜里町,町,オホーツク（振興局）,努力義務,第2期斜里町環境基本計画,令和6年度(2024),令和15年度(2033),非該当,確認済,町公式ページで第2期計画R6-R15を確認 https://www.town.shari.hokkaido.jp/soshikikarasagasu/kankyoka/keikakutou/2190.html,低（期間先）,次期改定はR14年度頃から予算化確認,
125,北海道,清里町,町,オホーツク（振興局）,努力義務,環境基本計画の直接掲載未確認,,,未確認,公式検索確認,公式情報検索では環境基本計画の計画期間を確認できず,低（未確認継続）,公式計画一覧・環境担当ページでPDFの有無を継続確認,
126,北海道,小清水町,町,オホーツク（振興局）,努力義務,関連：小清水町地球温暖化対策実行計画,令和6年度(2024),令和12年度(2030),未確認（関連計画のみ）,関連計画確認,町公式ページで温対実行計画R6-R12を確認。環境基本計画ではない https://www.town.koshimizu.hokkaido.jp/hotnews/detail/00000149.html,中（温対連携）,環境基本計画は未確認。温対計画の進捗管理・見直し支援を入口にする,
127,北海道,訓子府町,町,オホーツク（振興局）,努力義務,環境基本計画の直接掲載未確認,,,未確認,公式検索確認,総合計画等は確認できるが、環境基本計画の期間は未確認,低（未確認継続）,公式計画一覧・環境担当課ページを継続確認,
128,北海道,置戸町,町,オホーツク（振興局）,努力義務,環境基本計画の直接掲載未確認,,,未確認,公式計画一覧確認,町公式の政策・計画一覧では環境基本計画の直接掲載を確認できず https://www.town.oketo.hokkaido.jp/chosei/seisaku/,低（未確認継続）,環境担当ページ・温対計画の有無を継続確認,
129,北海道,佐呂間町,町,オホーツク（振興局）,努力義務,環境基本計画の直接掲載未確認,,,未確認,公式検索確認,総合計画等は確認できるが、環境基本計画の期間は未確認,低（未確認継続）,公式計画一覧・環境担当課ページを継続確認,
130,北海道,遠軽町,町,オホーツク（振興局）,努力義務,第2次遠軽町環境基本計画,令和5年度(2023),令和14年度(2032)目安,非該当,確認済（10年計画から整理）,町公式ページでR5年3月策定を確認。周期表PDF確認で『おおむね10年』をR5-R14目安として整理 https://engaru.jp/life/page.php?id=306,低（期間先）,次期改定はR13年度頃に予算化確認,
131,北海道,湧別町,町,オホーツク（振興局）,努力義務,環境基本計画の直接掲載未確認,,,未確認,公式検索確認,総合計画等は確認できるが、環境基本計画の期間は未確認,低（未確認継続）,公式計画一覧・環境担当課ページを継続確認,
132,北海道,滝上町,町,オホーツク（振興局）,努力義務,関連：ゼロカーボン推進計画・地球温暖化対策実行計画(区域施策編),令和5年度(2023),令和12年度(2030),未確認（関連計画のみ）,関連計画確認,町公式ページで温対区域施策編R5-R12を確認。環境基本計画ではない https://www.town.takinoue.hokkaido.jp/shokai/machizukuri/230331.html,中（温対連携）,環境基本計画は未確認。温対計画の見直し・事業化支援を入口にする,
133,北海道,興部町,町,オホーツク（振興局）,努力義務,環境基本計画の直接掲載未確認,,,未確認,公式検索確認,総合計画等は確認できるが、環境基本計画の期間は未確認,低（未確認継続）,公式計画一覧・環境担当課ページを継続確認,
134,北海道,西興部村,村,オホーツク（振興局）,努力義務,関連：西興部村総合計画,令和4年度(2022),令和13年度(2031),未確認（環境基本計画は未確認）,上位計画確認,総合計画R4-R13は確認。環境基本計画の期間ではない https://www.vill.nishiokoppe.lg.jp/section/kikaku/feeuub00000dorv8.html,低（環境基本計画未確認）,後期計画作業と環境分野の個別計画有無を確認,
135,北海道,雄武町,町,オホーツク（振興局）,努力義務,関連：第6期雄武町総合計画後期基本計画,令和5年度(2023),令和9年度(2027),未確認（環境基本計画は未確認）,上位計画確認,総合計画後期R5-R9は確認。環境基本計画の期間ではない https://www.town.oumu.hokkaido.jp/soshiki/sougouseisakuka/keikaku_shisaku/sogokeikaku/dai6kisogokeikaku/keikakusakutei/koukikihonkeikaku/2590.html,中（総合計画R9・環境は未確認）,総合計画改定に合わせた環境分野・温対分野の支援余地を確認,
136,北海道,大空町,町,オホーツク（振興局）,努力義務,環境基本計画の直接掲載未確認,,,未確認,公式検索確認,総合計画等は確認できるが、環境基本計画の期間は未確認,低（未確認継続）,公式計画一覧・環境担当課ページを継続確認,
137,北海道,室蘭市,市,胆振（振興局）,努力義務,,,,未確認,未確認,団体サイトの環境基本計画ページ,中,計画PDFの表紙・第1章で計画期間を確認し、終期欄を埋める,
138,北海道,苫小牧市,市,胆振（振興局）,努力義務,苫小牧市第4次環境基本計画～第1期ゼロカーボン推進計画～,令和5年度(2023),令和12年度(2030),非該当（期間中改定）,確認済,苫小牧市公式ページ https://www.city.tomakomai.hokkaido.jp/shizen/kankyohozen/suishin/kihonkeikaku.html でR5～R12を確認。環境審議会 https://www.city.tomakomai.hokkaido.jp/shizen/kankyohozen/suishin/shingikai.html でR8年度の改定諮問を確認,優先（期間中改定・S+/A）,R9満了ではなく、令和8年度の改定諮問・発注/受託範囲を確認。範囲外の二次分析、財源対応表、事業者・公共施設脱炭素支援で提案する,
139,北海道,登別市,市,胆振（振興局）,努力義務,,,,未確認,未確認,団体サイトの環境基本計画ページ,中,計画PDFの表紙・第1章で計画期間を確認し、終期欄を埋める,
140,北海道,伊達市,市,胆振（振興局）,努力義務,第3次伊達市環境基本計画,,,要確認,未確認,伊達市（北海道）サイトに第3次計画の掲載あり。期間を要確認,中,計画PDFの表紙・第1章で計画期間を確認し、終期欄を埋める,
141,北海道,豊浦町,町,胆振（振興局）,努力義務,,,,未確認,未確認,団体サイトの環境基本計画ページ,低（要件次第）,計画PDFの表紙・第1章で計画期間を確認し、終期欄を埋める,
142,北海道,壮瞥町,町,胆振（振興局）,努力義務,,,,未確認,未確認,団体サイトの環境基本計画ページ,低（要件次第）,計画PDFの表紙・第1章で計画期間を確認し、終期欄を埋める,
143,北海道,白老町,町,胆振（振興局）,努力義務,,,,未確認,未確認,団体サイトの環境基本計画ページ,低（要件次第）,計画PDFの表紙・第1章で計画期間を確認し、終期欄を埋める,
144,北海道,厚真町,町,胆振（振興局）,努力義務,,,,未確認,未確認,団体サイトの環境基本計画ページ,低（要件次第）,計画PDFの表紙・第1章で計画期間を確認し、終期欄を埋める,
145,北海道,洞爺湖町,町,胆振（振興局）,努力義務,,,,未確認,未確認,団体サイトの環境基本計画ページ,低（要件次第）,計画PDFの表紙・第1章で計画期間を確認し、終期欄を埋める,
146,北海道,安平町,町,胆振（振興局）,努力義務,,,,未確認,未確認,団体サイトの環境基本計画ページ,低（要件次第）,計画PDFの表紙・第1章で計画期間を確認し、終期欄を埋める,
147,北海道,むかわ町,町,胆振（振興局）,努力義務,,,,未確認,未確認,団体サイトの環境基本計画ページ,低（要件次第）,計画PDFの表紙・第1章で計画期間を確認し、終期欄を埋める,
148,北海道,日高町,町,日高（振興局）,努力義務,,,,未確認,未確認,団体サイトの環境基本計画ページ,低（要件次第）,計画PDFの表紙・第1章で計画期間を確認し、終期欄を埋める,
149,北海道,平取町,町,日高（振興局）,努力義務,,,,未確認,未確認,団体サイトの環境基本計画ページ,低（要件次第）,計画PDFの表紙・第1章で計画期間を確認し、終期欄を埋める,
150,北海道,新冠町,町,日高（振興局）,努力義務,,,,未確認,未確認,団体サイトの環境基本計画ページ,低（要件次第）,計画PDFの表紙・第1章で計画期間を確認し、終期欄を埋める,
151,北海道,浦河町,町,日高（振興局）,努力義務,,,,未確認,未確認,団体サイトの環境基本計画ページ,低（要件次第）,計画PDFの表紙・第1章で計画期間を確認し、終期欄を埋める,
152,北海道,様似町,町,日高（振興局）,努力義務,,,,未確認,未確認,団体サイトの環境基本計画ページ,低（要件次第）,計画PDFの表紙・第1章で計画期間を確認し、終期欄を埋める,
153,北海道,えりも町,町,日高（振興局）,努力義務,,,,未確認,未確認,団体サイトの環境基本計画ページ,低（要件次第）,計画PDFの表紙・第1章で計画期間を確認し、終期欄を埋める,
154,北海道,新ひだか町,町,日高（振興局）,努力義務,,,,未確認,未確認,団体サイトの環境基本計画ページ,低（要件次第）,計画PDFの表紙・第1章で計画期間を確認し、終期欄を埋める,
155,北海道,帯広市,市,十勝（振興局）,努力義務,第三期帯広市環境基本計画,令和2年度(2020),,要確認,一部確認（策定年のみ）,帯広市 第三期環境基本計画（令和2年3月策定）。第二期は平成22年度～平成31年度。終期はPDF確認が必要,中（終期要確認）,計画PDFで終期を確認する。10年計画なら令和11年度満了,
156,北海道,音更町,町,十勝（振興局）,努力義務,環境基本計画の直接掲載未確認,,,未確認,公式検索・関連計画確認,町公式情報では都市計画・総合計画等が中心。環境基本計画の直接ページは未確認,低（未確認継続）,公式サイト内検索・環境担当課ページ・計画一覧で環境基本計画PDFの有無を継続確認,
157,北海道,士幌町,町,十勝（振興局）,努力義務,第2期士幌町環境基本計画（中間見直し後）,平成30年度(2018),令和9年度(2027),★該当,確認済,士幌町公式ページ https://www.shihoro.jp/town/detail.php?content=1097&domain_status=hakgy39gjamvyha022gaz。平成30年度～令和9年度、令和5年度中間見直し・ゼロカーボン追記を確認。追加周期表では未確認だったが今回確認済,優先（R9満了・町村）,令和9年度当初予算への計上を狙い、町村向けの軽量改定、温対実行計画・事務事業編との一体支援で提案する,
158,北海道,上士幌町,町,十勝（振興局）,努力義務,第2次上士幌町環境基本計画,令和6年度(2024)策定,終期要PDF確認,要確認,一部確認（策定時期確認）,町公式ページで第2次計画策定を確認。HTML上では計画期間の終期が読めない https://www.kamishihoro.jp/page/00000416,優先（策定済・期間要確認）,PDF本文の計画期間だけ確認。R9満了候補ではなくR6策定直後の可能性が高い,
159,北海道,鹿追町,町,十勝（振興局）,努力義務,環境基本計画の直接掲載未確認,,,未確認,上位計画のみ確認,総合計画・後期計画は確認できるが、環境基本計画の期間は未確認 https://www.town.shikaoi.lg.jp/gyosei/seisaku_keikaku/sogo_keikaku/n7_kouki/,低（未確認継続）,総合計画と温暖化対策計画を入口に、環境基本計画の有無だけ継続確認,
160,北海道,新得町,町,十勝（振興局）,努力義務,新得町環境基本計画・地球温暖化対策実行計画(区域施策編)・気候変動適応計画,策定済（年度要PDF確認）,終期要PDF確認,要確認,一部確認（計画掲載確認）,町公式ページで環境基本計画と温対・適応計画の一体掲載を確認。HTML上では期間未確認 https://www.shintoku-town.jp/gyousei/koukai_kouhyou/tyoumin/kankyoukihonkeikaku/,優先（環境基本＋温対一体）,PDF本文で改訂時期・終期を確認。一体計画のため改定時は提案余地が大きい,
161,北海道,清水町,町,十勝（振興局）,努力義務,環境基本計画の直接掲載未確認,,,未確認,公式計画一覧確認,町公式の計画一覧では環境基本計画の直接掲載を確認できず https://www.town.shimizu.hokkaido.jp/plans/,低（未確認継続）,同名自治体の検索混入に注意し、北海道清水町の環境担当課ページで継続確認,
162,北海道,芽室町,町,十勝（振興局）,努力義務,クリーンめむろ環境基本計画・芽室町ごみ処理基本計画,令和8年度(2026)策定予定,策定中,別扱い（R8策定中）,確認済（R8策定手続）,令和8年度町民参加予定で環境審議会・パブコメ・策定予定を確認 https://www.memuro.net/administration/sanka/yotei/R8.html,最優先（策定手続中）,既発注・自前策定・支援範囲を確認。R8年度内の審議会/パブコメ工程に沿って短期提案,
163,北海道,中札内村,村,十勝（振興局）,努力義務,関連：地球温暖化対策実行計画,令和6年度(2024)改訂,環境基本計画の終期は未確認,未確認（関連計画のみ）,関連計画確認,村公式ページで第4期地球温暖化対策実行計画を確認。環境基本計画は未確認 https://www.vill.nakasatsunai.hokkaido.jp/sonsei/gyousei/chikyu_ondan/chikyu_ondan_01/,中（温対連携）,環境基本計画の有無は継続確認。温対実行計画の進捗管理・見直しを入口にする,
164,北海道,更別村,村,十勝（振興局）,努力義務,関連：第6期更別村総合計画,平成30年度(2018),令和9年度(2027),未確認（環境基本計画は未確認）,上位計画確認,総合計画H30-R9は確認。環境基本計画の期間ではないため終期欄の転用不可 https://www.sarabetsu.jp/gyosei/seisaku/sogo/6_sogo_plan/,中（総合計画R9・環境は未確認）,総合計画改定に合わせた環境分野の個別計画有無を確認,
165,北海道,大樹町,町,十勝（振興局）,努力義務,関連：大樹町総合計画,令和6年度(2024),令和15年度(2033),未確認（環境基本計画は未確認）,上位計画確認,総合計画R6-R15は確認。環境基本計画の終期は未確認 https://www.town.taiki.hokkaido.jp/soshiki/kikakushokoka/1/1/1/544.html,低（環境基本計画未確認）,みどりの基本計画・温対計画との関係を確認し、環境基本計画の有無を継続確認,
166,北海道,広尾町,町,十勝（振興局）,努力義務,環境基本計画の直接掲載未確認,,,未確認,公式検索確認,森林整備計画等は確認できるが、環境基本計画の直接ページは未確認,低（未確認継続）,環境担当課・計画一覧で継続確認,
167,北海道,幕別町,町,十勝（振興局）,努力義務,関連：地球温暖化対策実行計画等,,環境基本計画の終期は未確認,未確認（関連計画のみ）,公式計画一覧確認,町公式の計画・ビジョン一覧で関連計画を確認。環境基本計画の直接掲載は未確認 https://www.town.makubetsu.lg.jp/chosei/choseiunei/vision/,中（温対連携）,温対実行計画や総合計画の改定時期から環境基本計画の必要性を確認,
168,北海道,池田町,町,十勝（振興局）,努力義務,池田町環境基本計画（第3次改訂）,令和8年度(2026)改訂,終期要PDF確認,非該当（改訂済）,確認済（R8改訂）,町公式ページで第3次改訂を確認。HTML上では改訂後の計画期間終期が読めない https://www.town.hokkaido-ikeda.lg.jp/kurashi/kankyo/430.html,中（改訂済・周辺支援）,PDF本文で計画期間を確認。短期は進捗管理・施策評価・アンケート分析支援を確認,
169,北海道,豊頃町,町,十勝（振興局）,努力義務,環境基本計画の直接掲載未確認,,,未確認,公式計画一覧確認,町公式の計画・構想一覧では環境基本計画の直接掲載を確認できず https://www.toyokoro.jp/life/sub/9/index-2.html,低（未確認継続）,環境・廃棄物・温暖化関連の個別計画ページを継続確認,
170,北海道,本別町,町,十勝（振興局）,努力義務,環境基本計画の直接掲載未確認,,,未確認,公式計画一覧確認,町公式の行政計画一覧では環境基本計画の直接掲載を確認できず https://www.town.honbetsu.hokkaido.jp/web/administration/administration07.html,低（未確認継続）,環境担当ページ・温対計画の有無を継続確認,
171,北海道,足寄町,町,十勝（振興局）,努力義務,関連：地球温暖化対策実行計画・ごみ処理関連計画等,,環境基本計画の終期は未確認,未確認（関連計画のみ）,公式計画一覧確認,町公式の計画一覧で関連計画を確認。環境基本計画の直接掲載は未確認 https://www.town.ashoro.hokkaido.jp/kurashi/about-town/c_keikaku/index.html,中（温対・廃棄物連携）,関連計画の改定時期と環境基本計画の有無を継続確認,
172,北海道,陸別町,町,十勝（振興局）,努力義務,関連：ゼロカーボン・地球温暖化対策実行計画,,環境基本計画の終期は未確認,未確認（関連計画のみ）,公式計画一覧確認,町公式の計画一覧でゼロカーボン・温暖化対策関連を確認。環境基本計画は未確認 https://www.rikubetsu.jp/chosei/keikaku/,中（温対連携）,温対実行計画の見直し時期から環境基本計画の有無を確認,
173,北海道,浦幌町,町,十勝（振興局）,努力義務,関連：地球温暖化対策実行計画(区域施策編),令和7年度(2025),令和12年度(2030),未確認（関連計画のみ）,関連計画確認,町公式ページで温対区域施策編R7-R12を確認。環境基本計画ではない https://www.urahoro.jp/news/detail.html?content=620,中（温対連携）,環境基本計画は未確認。温対区域施策編の進捗管理・改定支援を入口にする,
174,北海道,釧路市,市,釧路（振興局）,努力義務,第2次釧路市環境基本計画【改定版】,令和3年度(2021),令和12年度(2030),非該当（令和6年3月に一部改定）,確認済,釧路市 第2次環境基本計画【改定版】。計画期間は令和3年度～令和12年度。国・北海道の温暖化計画改定を受け、低炭素社会の形成の目標を令和6年3月に改定,中（期間中改定の実例）,計画期間中だが低炭素分野を一部改定した実績がある。国の2035年度目標を踏まえた再度の部分改定の余地を確認する,
175,北海道,釧路町,町,釧路（振興局）,努力義務,環境基本計画の直接掲載未確認,,,未確認,公式検索確認,公式情報検索では環境基本計画の計画期間を確認できず,低（未確認継続）,公式計画一覧・環境担当ページでPDFの有無を継続確認,
176,北海道,厚岸町,町,釧路（振興局）,努力義務,第2期厚岸町豊かな環境を守り育てる基本計画,,終期要PDF確認,要確認,一部確認（計画・年次報告確認）,町公式で計画ページ・年次報告を確認。HTML上では計画期間未確認 https://www.akkeshi-town.jp/gyosei/seisaku/kankyo/kankyo19/ / https://www.akkeshi-town.jp/gyosei/seisaku/kankyo/kankyokekka/,優先（期間要確認）,PDF本文で計画期間だけ確認。年次報告2024があるため現行性は高い,
177,北海道,浜中町,町,釧路（振興局）,努力義務,第3次浜中町環境基本計画,令和7年度(2025),令和17年度(2035)（令和18年3月まで）,非該当,確認済,町公式ページで第3次計画R7年3月策定、募集資料でR18年3月までの10年計画を確認 https://www.townhamanaka.jp/kurashi_kankyou/kankyou/2017-0323-kankyoukihonkeikaku.html / https://www.townhamanaka.jp/kakuka/juuminkankyouka/kankyouseisaku/2024-0626-1005-52.html,低（改定直後）,次期改定はR16年度頃。短期は進捗管理・アンケート分析支援を確認,
178,北海道,標茶町,町,釧路（振興局）,努力義務,環境基本計画の直接掲載未確認,,,未確認,公式検索確認,公式情報検索では環境基本計画の計画期間を確認できず,低（未確認継続）,公式計画一覧・環境担当ページでPDFの有無を継続確認,
179,北海道,弟子屈町,町,釧路（振興局）,努力義務,弟子屈町環境基本計画（外部DBで存在確認）,,公式終期未確認,要確認,一部確認（外部DB・公式期間未確認）,外部DBで計画名は確認できるが、公式ページ・期間は未確認,優先（公式期間要確認）,公式PDFの有無と計画期間のみ確認。外部DB情報だけで終期を埋めない,
180,北海道,鶴居村,村,釧路（振興局）,努力義務,第2次鶴居村環境基本計画,,終期要PDF確認,要確認,一部確認（計画掲載確認）,村公式の計画一覧で第2次環境基本計画を確認。HTML上では期間未確認 https://www.vill.tsurui.lg.jp/soshikikarasagasu/kikakuzaiseika/muranokeikaku/804.html,優先（期間要確認）,PDF本文で計画期間だけ確認,
181,北海道,白糠町,町,釧路（振興局）,努力義務,関連：地球温暖化対策実行計画,令和7年度(2025),令和12年度(2030),未確認（関連計画のみ）,関連計画確認,町公式で温対実行計画R7-R12を確認。環境基本計画ではない https://www.town.shiranuka.lg.jp/section/kikaku/h8v21a000000mwha.html,中（温対連携）,環境基本計画は未確認。温対計画の進捗管理・改定支援を入口にする,
182,北海道,根室市,市,根室（振興局）,努力義務,,,,未確認,未確認,団体サイトの環境基本計画ページ,中,計画PDFの表紙・第1章で計画期間を確認し、終期欄を埋める,
183,北海道,別海町,町,根室（振興局）,努力義務,,,,未確認,未確認,団体サイトの環境基本計画ページ,低（要件次第）,計画PDFの表紙・第1章で計画期間を確認し、終期欄を埋める,
184,北海道,中標津町,町,根室（振興局）,努力義務,,,,未確認,未確認,団体サイトの環境基本計画ページ,低（要件次第）,計画PDFの表紙・第1章で計画期間を確認し、終期欄を埋める,
185,北海道,標津町,町,根室（振興局）,努力義務,,,,未確認,未確認,団体サイトの環境基本計画ページ,低（要件次第）,計画PDFの表紙・第1章で計画期間を確認し、終期欄を埋める,
186,北海道,羅臼町,町,根室（振興局）,努力義務,,,,未確認,未確認,団体サイトの環境基本計画ページ,低（要件次第）,計画PDFの表紙・第1章で計画期間を確認し、終期欄を埋める,
187,青森県,青森市,市,東青,義務,環境基本計画は確認できず（関連：地球温暖化対策実行計画）,,,要確認（環境基本計画の有無から）,公式検索確認,青森市サイト・検索では環境基本計画を確認できず。地球温暖化対策実行計画（区域施策編 令和7年3月改定／事務事業編 第4期）は確認できる。中核市のため区域施策編は策定義務,最優先（義務団体・計画の有無から確認）,環境基本計画の有無そのものを確認する。未策定なら新規策定提案の対象。策定済みなら計画名が異なる可能性があるため計画一覧から探す,
188,青森県,平内町,町,東青,努力義務,,,,未確認,未確認,団体サイトの環境基本計画ページ,低（要件次第）,計画PDFの表紙・第1章で計画期間を確認し、終期欄を埋める,
189,青森県,今別町,町,東青,努力義務,,,,未確認,未確認,団体サイトの環境基本計画ページ,低（要件次第）,計画PDFの表紙・第1章で計画期間を確認し、終期欄を埋める,
190,青森県,蓬田村,村,東青,努力義務,,,,未確認,未確認,団体サイトの環境基本計画ページ,低（要件次第）,計画PDFの表紙・第1章で計画期間を確認し、終期欄を埋める,
191,青森県,外ヶ浜町,町,東青,努力義務,,,,未確認,未確認,団体サイトの環境基本計画ページ,低（要件次第）,計画PDFの表紙・第1章で計画期間を確認し、終期欄を埋める,
192,青森県,弘前市,市,津軽,努力義務,第三次弘前市環境基本計画,令和3年度(2021),令和9年度(2027),★該当,確認済,添付周期表および弘前市公式ページ https://www.city.hirosaki.aomori.jp/jouhou/keikaku/2021-0401-kankyoukihon.html。2021（令和3）年度～2027（令和9）年度を確認,優先（R9満了）,令和9年度当初予算への計上を狙い、青森県計画との整合、2030目標の中間評価、温対実行計画との重複整理を提案する,
193,青森県,黒石市,市,津軽,努力義務,,,,未確認,未確認,団体サイトの環境基本計画ページ,中,計画PDFの表紙・第1章で計画期間を確認し、終期欄を埋める,
194,青森県,五所川原市,市,津軽,努力義務,,,,未確認,未確認,団体サイトの環境基本計画ページ,中,計画PDFの表紙・第1章で計画期間を確認し、終期欄を埋める,
195,青森県,平川市,市,津軽,努力義務,,,,未確認,未確認,団体サイトの環境基本計画ページ,中,計画PDFの表紙・第1章で計画期間を確認し、終期欄を埋める,
196,青森県,鰺ヶ沢町,町,津軽,努力義務,,,,未確認,未確認,団体サイトの環境基本計画ページ,低（要件次第）,計画PDFの表紙・第1章で計画期間を確認し、終期欄を埋める,
197,青森県,深浦町,町,津軽,努力義務,,,,未確認,未確認,団体サイトの環境基本計画ページ,低（要件次第）,計画PDFの表紙・第1章で計画期間を確認し、終期欄を埋める,
198,青森県,西目屋村,村,津軽,努力義務,,,,未確認,未確認,団体サイトの環境基本計画ページ,低（要件次第）,計画PDFの表紙・第1章で計画期間を確認し、終期欄を埋める,
199,青森県,藤崎町,町,津軽,努力義務,,,,未確認,未確認,団体サイトの環境基本計画ページ,低（要件次第）,計画PDFの表紙・第1章で計画期間を確認し、終期欄を埋める,
200,青森県,大鰐町,町,津軽,努力義務,,,,未確認,未確認,団体サイトの環境基本計画ページ,低（要件次第）,計画PDFの表紙・第1章で計画期間を確認し、終期欄を埋める,
201,青森県,田舎館村,村,津軽,努力義務,,,,未確認,未確認,団体サイトの環境基本計画ページ,低（要件次第）,計画PDFの表紙・第1章で計画期間を確認し、終期欄を埋める,
202,青森県,板柳町,町,津軽,努力義務,,,,未確認,未確認,団体サイトの環境基本計画ページ,低（要件次第）,計画PDFの表紙・第1章で計画期間を確認し、終期欄を埋める,
203,青森県,鶴田町,町,津軽,努力義務,,,,未確認,未確認,団体サイトの環境基本計画ページ,低（要件次第）,計画PDFの表紙・第1章で計画期間を確認し、終期欄を埋める,
204,青森県,中泊町,町,津軽,努力義務,,,,未確認,未確認,団体サイトの環境基本計画ページ,低（要件次第）,計画PDFの表紙・第1章で計画期間を確認し、終期欄を埋める,
205,青森県,つがる市,市,津軽,努力義務,,,,未確認,未確認,団体サイトの環境基本計画ページ,中,計画PDFの表紙・第1章で計画期間を確認し、終期欄を埋める,
206,青森県,十和田市,市,上北・下北,努力義務,環境基本計画は確認できず（関連：環境保全率先行動計画・地球温暖化対策実行計画）,,,要確認（環境基本計画の有無から）,公式検索確認,十和田市サイト・検索では環境基本計画を確認できず。環境保全率先行動計画『とわだエコ・オフィスプラン』第5次が令和4年4月から令和8年度、地球温暖化対策実行計画（区域施策編）は確認できる,中（関連計画がR8満了）,環境保全率先行動計画が令和8年度で満了するため、その改定を入口に環境基本計画の有無を確認する,
207,青森県,三沢市,市,上北・下北,努力義務,,,,未確認,未確認,団体サイトの環境基本計画ページ,中,計画PDFの表紙・第1章で計画期間を確認し、終期欄を埋める,
208,青森県,むつ市,市,上北・下北,努力義務,,,,未確認,未確認,団体サイトの環境基本計画ページ,中,計画PDFの表紙・第1章で計画期間を確認し、終期欄を埋める,
209,青森県,野辺地町,町,上北・下北,努力義務,,,,未確認,未確認,団体サイトの環境基本計画ページ,低（要件次第）,計画PDFの表紙・第1章で計画期間を確認し、終期欄を埋める,
210,青森県,七戸町,町,上北・下北,努力義務,,,,未確認,未確認,団体サイトの環境基本計画ページ,低（要件次第）,計画PDFの表紙・第1章で計画期間を確認し、終期欄を埋める,
211,青森県,六戸町,町,上北・下北,努力義務,,,,未確認,未確認,団体サイトの環境基本計画ページ,低（要件次第）,計画PDFの表紙・第1章で計画期間を確認し、終期欄を埋める,
212,青森県,横浜町,町,上北・下北,努力義務,,,,未確認,未確認,団体サイトの環境基本計画ページ,低（要件次第）,計画PDFの表紙・第1章で計画期間を確認し、終期欄を埋める,
213,青森県,東北町,町,上北・下北,努力義務,,,,未確認,未確認,団体サイトの環境基本計画ページ,低（要件次第）,計画PDFの表紙・第1章で計画期間を確認し、終期欄を埋める,
214,青森県,六ヶ所村,村,上北・下北,努力義務,,,,未確認,未確認,団体サイトの環境基本計画ページ,低（要件次第）,計画PDFの表紙・第1章で計画期間を確認し、終期欄を埋める,
215,青森県,おいらせ町,町,上北・下北,努力義務,,,,未確認,未確認,団体サイトの環境基本計画ページ,低（要件次第）,計画PDFの表紙・第1章で計画期間を確認し、終期欄を埋める,
216,青森県,大間町,町,上北・下北,努力義務,,,,未確認,未確認,団体サイトの環境基本計画ページ,低（要件次第）,計画PDFの表紙・第1章で計画期間を確認し、終期欄を埋める,
217,青森県,東通村,村,上北・下北,努力義務,,,,未確認,未確認,団体サイトの環境基本計画ページ,低（要件次第）,計画PDFの表紙・第1章で計画期間を確認し、終期欄を埋める,
218,青森県,風間浦村,村,上北・下北,努力義務,,,,未確認,未確認,団体サイトの環境基本計画ページ,低（要件次第）,計画PDFの表紙・第1章で計画期間を確認し、終期欄を埋める,
219,青森県,佐井村,村,上北・下北,努力義務,,,,未確認,未確認,団体サイトの環境基本計画ページ,低（要件次第）,計画PDFの表紙・第1章で計画期間を確認し、終期欄を埋める,
220,青森県,八戸市,市,三八,義務,第3次八戸市環境基本計画,令和5年度(2023),令和12年度(2030),非該当,確認済,八戸市 第3次環境基本計画PDF（令和5年9月策定）,優先（義務団体）,終期の前年度に予算が立つため、接触時期をカレンダーに置く,
221,青森県,三戸町,町,三八,努力義務,,,,未確認,未確認,団体サイトの環境基本計画ページ,低（要件次第）,計画PDFの表紙・第1章で計画期間を確認し、終期欄を埋める,
222,青森県,五戸町,町,三八,努力義務,,,,未確認,未確認,団体サイトの環境基本計画ページ,低（要件次第）,計画PDFの表紙・第1章で計画期間を確認し、終期欄を埋める,
223,青森県,田子町,町,三八,努力義務,,,,未確認,未確認,団体サイトの環境基本計画ページ,低（要件次第）,計画PDFの表紙・第1章で計画期間を確認し、終期欄を埋める,
224,青森県,南部町,町,三八,努力義務,,,,未確認,未確認,団体サイトの環境基本計画ページ,低（要件次第）,計画PDFの表紙・第1章で計画期間を確認し、終期欄を埋める,
225,青森県,階上町,町,三八,努力義務,,,,未確認,未確認,団体サイトの環境基本計画ページ,低（要件次第）,計画PDFの表紙・第1章で計画期間を確認し、終期欄を埋める,
226,青森県,新郷村,村,三八,努力義務,,,,未確認,未確認,団体サイトの環境基本計画ページ,低（要件次第）,計画PDFの表紙・第1章で計画期間を確認し、終期欄を埋める,
227,岩手県,盛岡市,市,県央,義務,盛岡市環境基本計画（第三次）,令和3年度(2021),令和12年度(2030),非該当,確認済,盛岡市 環境基本計画（第三次）ページ・概要版PDF,優先（義務団体）,終期の前年度に予算が立つため、接触時期をカレンダーに置く,
228,岩手県,滝沢市,市,県央,努力義務,,,,未確認,未確認,団体サイトの環境基本計画ページ,中,計画PDFの表紙・第1章で計画期間を確認し、終期欄を埋める,
229,岩手県,八幡平市,市,県央,努力義務,,,,未確認,未確認,団体サイトの環境基本計画ページ,中,計画PDFの表紙・第1章で計画期間を確認し、終期欄を埋める,
230,岩手県,雫石町,町,県央,努力義務,,,,未確認,未確認,団体サイトの環境基本計画ページ,低（要件次第）,計画PDFの表紙・第1章で計画期間を確認し、終期欄を埋める,
231,岩手県,葛巻町,町,県央,努力義務,,,,未確認,未確認,団体サイトの環境基本計画ページ,低（要件次第）,計画PDFの表紙・第1章で計画期間を確認し、終期欄を埋める,
232,岩手県,岩手町,町,県央,努力義務,,,,未確認,未確認,団体サイトの環境基本計画ページ,低（要件次第）,計画PDFの表紙・第1章で計画期間を確認し、終期欄を埋める,
233,岩手県,紫波町,町,県央,努力義務,,,,未確認,未確認,団体サイトの環境基本計画ページ,低（要件次第）,計画PDFの表紙・第1章で計画期間を確認し、終期欄を埋める,
234,岩手県,矢巾町,町,県央,努力義務,,,,未確認,未確認,団体サイトの環境基本計画ページ,低（要件次第）,計画PDFの表紙・第1章で計画期間を確認し、終期欄を埋める,
235,岩手県,花巻市,市,県南,努力義務,,,,未確認,未確認,団体サイトの環境基本計画ページ,中,計画PDFの表紙・第1章で計画期間を確認し、終期欄を埋める,
236,岩手県,北上市,市,県南,努力義務,,,,未確認,未確認,団体サイトの環境基本計画ページ,中,計画PDFの表紙・第1章で計画期間を確認し、終期欄を埋める,
237,岩手県,遠野市,市,県南,努力義務,,,,未確認,未確認,団体サイトの環境基本計画ページ,中,計画PDFの表紙・第1章で計画期間を確認し、終期欄を埋める,
238,岩手県,一関市,市,県南,努力義務,一関市環境基本計画,平成29年度(2017),令和8年度(2026),◇今年度が改定年度（R8満了）,確認済,一関市 生活環境課 環境基本計画。計画期間は平成29年度から令和8年度。なお市の地球温暖化対策地域推進計画は令和5年度～令和12年度,最優先（今年度満了）,令和8年度末で満了＝次期計画は令和9年度開始。改定業務は今年度に実施されるため、既発注か自前策定かを直ちに確認する。発注済みなら範囲外の支援に絞る,
239,岩手県,奥州市,市,県南,努力義務,,,,未確認,未確認,団体サイトの環境基本計画ページ,中,計画PDFの表紙・第1章で計画期間を確認し、終期欄を埋める,
240,岩手県,西和賀町,町,県南,努力義務,,,,未確認,未確認,団体サイトの環境基本計画ページ,低（要件次第）,計画PDFの表紙・第1章で計画期間を確認し、終期欄を埋める,
241,岩手県,金ケ崎町,町,県南,努力義務,,,,未確認,未確認,団体サイトの環境基本計画ページ,低（要件次第）,計画PDFの表紙・第1章で計画期間を確認し、終期欄を埋める,
242,岩手県,平泉町,町,県南,努力義務,,,,未確認,未確認,団体サイトの環境基本計画ページ,低（要件次第）,計画PDFの表紙・第1章で計画期間を確認し、終期欄を埋める,
243,岩手県,住田町,町,県南,努力義務,,,,未確認,未確認,団体サイトの環境基本計画ページ,低（要件次第）,計画PDFの表紙・第1章で計画期間を確認し、終期欄を埋める,
244,岩手県,宮古市,市,沿岸,努力義務,,,,未確認,未確認,団体サイトの環境基本計画ページ,中,計画PDFの表紙・第1章で計画期間を確認し、終期欄を埋める,
245,岩手県,大船渡市,市,沿岸,努力義務,,,,未確認,未確認,団体サイトの環境基本計画ページ,中,計画PDFの表紙・第1章で計画期間を確認し、終期欄を埋める,
246,岩手県,陸前高田市,市,沿岸,努力義務,,,,未確認,未確認,団体サイトの環境基本計画ページ,中,計画PDFの表紙・第1章で計画期間を確認し、終期欄を埋める,
247,岩手県,釜石市,市,沿岸,努力義務,,,,未確認,未確認,団体サイトの環境基本計画ページ,中,計画PDFの表紙・第1章で計画期間を確認し、終期欄を埋める,
248,岩手県,大槌町,町,沿岸,努力義務,,,,未確認,未確認,団体サイトの環境基本計画ページ,低（要件次第）,計画PDFの表紙・第1章で計画期間を確認し、終期欄を埋める,
249,岩手県,山田町,町,沿岸,努力義務,,,,未確認,未確認,団体サイトの環境基本計画ページ,低（要件次第）,計画PDFの表紙・第1章で計画期間を確認し、終期欄を埋める,
250,岩手県,岩泉町,町,沿岸,努力義務,,,,未確認,未確認,団体サイトの環境基本計画ページ,低（要件次第）,計画PDFの表紙・第1章で計画期間を確認し、終期欄を埋める,
251,岩手県,田野畑村,村,沿岸,努力義務,,,,未確認,未確認,団体サイトの環境基本計画ページ,低（要件次第）,計画PDFの表紙・第1章で計画期間を確認し、終期欄を埋める,
252,岩手県,普代村,村,沿岸,努力義務,,,,未確認,未確認,団体サイトの環境基本計画ページ,低（要件次第）,計画PDFの表紙・第1章で計画期間を確認し、終期欄を埋める,
253,岩手県,久慈市,市,県北,努力義務,,,,未確認,未確認,団体サイトの環境基本計画ページ,中,計画PDFの表紙・第1章で計画期間を確認し、終期欄を埋める,
254,岩手県,二戸市,市,県北,努力義務,,,,未確認,未確認,団体サイトの環境基本計画ページ,中,計画PDFの表紙・第1章で計画期間を確認し、終期欄を埋める,
255,岩手県,軽米町,町,県北,努力義務,,,,未確認,未確認,団体サイトの環境基本計画ページ,低（要件次第）,計画PDFの表紙・第1章で計画期間を確認し、終期欄を埋める,
256,岩手県,野田村,村,県北,努力義務,,,,未確認,未確認,団体サイトの環境基本計画ページ,低（要件次第）,計画PDFの表紙・第1章で計画期間を確認し、終期欄を埋める,
257,岩手県,九戸村,村,県北,努力義務,,,,未確認,未確認,団体サイトの環境基本計画ページ,低（要件次第）,計画PDFの表紙・第1章で計画期間を確認し、終期欄を埋める,
258,岩手県,洋野町,町,県北,努力義務,,,,未確認,未確認,団体サイトの環境基本計画ページ,低（要件次第）,計画PDFの表紙・第1章で計画期間を確認し、終期欄を埋める,
259,岩手県,一戸町,町,県北,努力義務,,,,未確認,未確認,団体サイトの環境基本計画ページ,低（要件次第）,計画PDFの表紙・第1章で計画期間を確認し、終期欄を埋める,
260,宮城県,仙台市,市,仙台圏,義務,杜の都環境プラン（仙台市環境基本計画）,令和3年度(2021),令和12年度(2030),非該当,確認済,仙台市サイト／宮城県掲載の中間案概要版（令和3年度～令和12年度）,優先（義務団体）,終期の前年度に予算が立つため、接触時期をカレンダーに置く,
261,宮城県,名取市,市,仙台圏,努力義務,,,,未確認,未確認,団体サイトの環境基本計画ページ,中,計画PDFの表紙・第1章で計画期間を確認し、終期欄を埋める,
262,宮城県,多賀城市,市,仙台圏,努力義務,,,,未確認,未確認,団体サイトの環境基本計画ページ,中,計画PDFの表紙・第1章で計画期間を確認し、終期欄を埋める,
263,宮城県,岩沼市,市,仙台圏,努力義務,,,,未確認,未確認,団体サイトの環境基本計画ページ,中,計画PDFの表紙・第1章で計画期間を確認し、終期欄を埋める,
264,宮城県,富谷市,市,仙台圏,努力義務,,,,未確認,未確認,団体サイトの環境基本計画ページ,中,計画PDFの表紙・第1章で計画期間を確認し、終期欄を埋める,
265,宮城県,松島町,町,仙台圏,努力義務,,,,未確認,未確認,団体サイトの環境基本計画ページ,低（要件次第）,計画PDFの表紙・第1章で計画期間を確認し、終期欄を埋める,
266,宮城県,七ヶ浜町,町,仙台圏,努力義務,,,,未確認,未確認,団体サイトの環境基本計画ページ,低（要件次第）,計画PDFの表紙・第1章で計画期間を確認し、終期欄を埋める,
267,宮城県,利府町,町,仙台圏,努力義務,,,,未確認,未確認,団体サイトの環境基本計画ページ,低（要件次第）,計画PDFの表紙・第1章で計画期間を確認し、終期欄を埋める,
268,宮城県,大和町,町,仙台圏,努力義務,,,,未確認,未確認,団体サイトの環境基本計画ページ,低（要件次第）,計画PDFの表紙・第1章で計画期間を確認し、終期欄を埋める,
269,宮城県,大郷町,町,仙台圏,努力義務,,,,未確認,未確認,団体サイトの環境基本計画ページ,低（要件次第）,計画PDFの表紙・第1章で計画期間を確認し、終期欄を埋める,
270,宮城県,大衡村,村,仙台圏,努力義務,,,,未確認,未確認,団体サイトの環境基本計画ページ,低（要件次第）,計画PDFの表紙・第1章で計画期間を確認し、終期欄を埋める,
271,宮城県,白石市,市,県南,努力義務,,,,未確認,未確認,団体サイトの環境基本計画ページ,中,計画PDFの表紙・第1章で計画期間を確認し、終期欄を埋める,
272,宮城県,角田市,市,県南,努力義務,,,,未確認,未確認,団体サイトの環境基本計画ページ,中,計画PDFの表紙・第1章で計画期間を確認し、終期欄を埋める,
273,宮城県,蔵王町,町,県南,努力義務,,,,未確認,未確認,団体サイトの環境基本計画ページ,低（要件次第）,計画PDFの表紙・第1章で計画期間を確認し、終期欄を埋める,
274,宮城県,七ヶ宿町,町,県南,努力義務,,,,未確認,未確認,団体サイトの環境基本計画ページ,低（要件次第）,計画PDFの表紙・第1章で計画期間を確認し、終期欄を埋める,
275,宮城県,大河原町,町,県南,努力義務,,,,未確認,未確認,団体サイトの環境基本計画ページ,低（要件次第）,計画PDFの表紙・第1章で計画期間を確認し、終期欄を埋める,
276,宮城県,村田町,町,県南,努力義務,,,,未確認,未確認,団体サイトの環境基本計画ページ,低（要件次第）,計画PDFの表紙・第1章で計画期間を確認し、終期欄を埋める,
277,宮城県,柴田町,町,県南,努力義務,,,,未確認,未確認,団体サイトの環境基本計画ページ,低（要件次第）,計画PDFの表紙・第1章で計画期間を確認し、終期欄を埋める,
278,宮城県,川崎町,町,県南,努力義務,,,,未確認,未確認,団体サイトの環境基本計画ページ,低（要件次第）,計画PDFの表紙・第1章で計画期間を確認し、終期欄を埋める,
279,宮城県,丸森町,町,県南,努力義務,,,,未確認,未確認,団体サイトの環境基本計画ページ,低（要件次第）,計画PDFの表紙・第1章で計画期間を確認し、終期欄を埋める,
280,宮城県,亘理町,町,県南,努力義務,,,,未確認,未確認,団体サイトの環境基本計画ページ,低（要件次第）,計画PDFの表紙・第1章で計画期間を確認し、終期欄を埋める,
281,宮城県,山元町,町,県南,努力義務,,,,未確認,未確認,団体サイトの環境基本計画ページ,低（要件次第）,計画PDFの表紙・第1章で計画期間を確認し、終期欄を埋める,
282,宮城県,石巻市,市,県北・沿岸,努力義務,石巻市環境基本計画（第2次）,令和8年度(2026),令和17年度(2035),非該当（令和8年3月策定）,確認済,石巻市 環境基本計画（案）令和8年。令和8年度から10年間、目標年度は令和17年度,低（策定直後）,策定直後のため新規受託は難しい。進捗管理・アンケート二次分析など周辺支援の余地を確認する,
283,宮城県,塩竈市,市,県北・沿岸,努力義務,,,,未確認,未確認,団体サイトの環境基本計画ページ,中,計画PDFの表紙・第1章で計画期間を確認し、終期欄を埋める,
284,宮城県,気仙沼市,市,県北・沿岸,努力義務,,,,未確認,未確認,団体サイトの環境基本計画ページ,中,計画PDFの表紙・第1章で計画期間を確認し、終期欄を埋める,
285,宮城県,登米市,市,県北・沿岸,努力義務,,,,未確認,未確認,団体サイトの環境基本計画ページ,中,計画PDFの表紙・第1章で計画期間を確認し、終期欄を埋める,
286,宮城県,栗原市,市,県北・沿岸,努力義務,,,,未確認,未確認,団体サイトの環境基本計画ページ,中,計画PDFの表紙・第1章で計画期間を確認し、終期欄を埋める,
287,宮城県,東松島市,市,県北・沿岸,努力義務,,,,未確認,未確認,団体サイトの環境基本計画ページ,中,計画PDFの表紙・第1章で計画期間を確認し、終期欄を埋める,
288,宮城県,大崎市,市,県北・沿岸,努力義務,第2次大崎市環境基本計画,令和2年度(2020),,要確認,一部確認（策定年のみ）,大崎市 第2次環境基本計画（令和2年3月策定・10年後を見据えた計画）。アクションプランも別途あり。終期はPDF確認が必要,中（終期要確認）,計画PDFで終期を確認する。10年計画なら令和11年度満了,
289,宮城県,色麻町,町,県北・沿岸,努力義務,,,,未確認,未確認,団体サイトの環境基本計画ページ,低（要件次第）,計画PDFの表紙・第1章で計画期間を確認し、終期欄を埋める,
290,宮城県,加美町,町,県北・沿岸,努力義務,,,,未確認,未確認,団体サイトの環境基本計画ページ,低（要件次第）,計画PDFの表紙・第1章で計画期間を確認し、終期欄を埋める,
291,宮城県,涌谷町,町,県北・沿岸,努力義務,,,,未確認,未確認,団体サイトの環境基本計画ページ,低（要件次第）,計画PDFの表紙・第1章で計画期間を確認し、終期欄を埋める,
292,宮城県,美里町,町,県北・沿岸,努力義務,,,,未確認,未確認,団体サイトの環境基本計画ページ,低（要件次第）,計画PDFの表紙・第1章で計画期間を確認し、終期欄を埋める,
293,宮城県,女川町,町,県北・沿岸,努力義務,,,,未確認,未確認,団体サイトの環境基本計画ページ,低（要件次第）,計画PDFの表紙・第1章で計画期間を確認し、終期欄を埋める,
294,宮城県,南三陸町,町,県北・沿岸,努力義務,,,,未確認,未確認,団体サイトの環境基本計画ページ,低（要件次第）,計画PDFの表紙・第1章で計画期間を確認し、終期欄を埋める,
295,秋田県,秋田市,市,県央,義務,秋田市環境基本計画（第3次）,平成30年度(2018),令和9年度(2027),★該当,確認済,秋田市 年次報告書PDF。平成30年度～令和9年度の10年間,最優先（R9満了）,令和9年度当初予算への計上を狙い、令和8年度の予算要求期（夏～秋）に接触する。改定必要度診断と概算見積を先に渡す,
296,秋田県,男鹿市,市,県央,努力義務,,,,未確認,未確認,団体サイトの環境基本計画ページ,中,計画PDFの表紙・第1章で計画期間を確認し、終期欄を埋める,
297,秋田県,潟上市,市,県央,努力義務,,,,未確認,未確認,団体サイトの環境基本計画ページ,中,計画PDFの表紙・第1章で計画期間を確認し、終期欄を埋める,
298,秋田県,五城目町,町,県央,努力義務,,,,未確認,未確認,団体サイトの環境基本計画ページ,低（要件次第）,計画PDFの表紙・第1章で計画期間を確認し、終期欄を埋める,
299,秋田県,八郎潟町,町,県央,努力義務,,,,未確認,未確認,団体サイトの環境基本計画ページ,低（要件次第）,計画PDFの表紙・第1章で計画期間を確認し、終期欄を埋める,
300,秋田県,井川町,町,県央,努力義務,,,,未確認,未確認,団体サイトの環境基本計画ページ,低（要件次第）,計画PDFの表紙・第1章で計画期間を確認し、終期欄を埋める,
301,秋田県,大潟村,村,県央,努力義務,,,,未確認,未確認,団体サイトの環境基本計画ページ,低（要件次第）,計画PDFの表紙・第1章で計画期間を確認し、終期欄を埋める,
302,秋田県,能代市,市,県北,努力義務,,,,未確認,未確認,団体サイトの環境基本計画ページ,中,計画PDFの表紙・第1章で計画期間を確認し、終期欄を埋める,
303,秋田県,大館市,市,県北,努力義務,,,,未確認,未確認,団体サイトの環境基本計画ページ,中,計画PDFの表紙・第1章で計画期間を確認し、終期欄を埋める,
304,秋田県,鹿角市,市,県北,努力義務,,,,未確認,未確認,団体サイトの環境基本計画ページ,中,計画PDFの表紙・第1章で計画期間を確認し、終期欄を埋める,
305,秋田県,北秋田市,市,県北,努力義務,,,,未確認,未確認,団体サイトの環境基本計画ページ,中,計画PDFの表紙・第1章で計画期間を確認し、終期欄を埋める,
306,秋田県,小坂町,町,県北,努力義務,,,,未確認,未確認,団体サイトの環境基本計画ページ,低（要件次第）,計画PDFの表紙・第1章で計画期間を確認し、終期欄を埋める,
307,秋田県,上小阿仁村,村,県北,努力義務,,,,未確認,未確認,団体サイトの環境基本計画ページ,低（要件次第）,計画PDFの表紙・第1章で計画期間を確認し、終期欄を埋める,
308,秋田県,藤里町,町,県北,努力義務,,,,未確認,未確認,団体サイトの環境基本計画ページ,低（要件次第）,計画PDFの表紙・第1章で計画期間を確認し、終期欄を埋める,
309,秋田県,三種町,町,県北,努力義務,,,,未確認,未確認,団体サイトの環境基本計画ページ,低（要件次第）,計画PDFの表紙・第1章で計画期間を確認し、終期欄を埋める,
310,秋田県,八峰町,町,県北,努力義務,,,,未確認,未確認,団体サイトの環境基本計画ページ,低（要件次第）,計画PDFの表紙・第1章で計画期間を確認し、終期欄を埋める,
311,秋田県,横手市,市,県南,努力義務,,,,未確認,未確認,団体サイトの環境基本計画ページ,中,計画PDFの表紙・第1章で計画期間を確認し、終期欄を埋める,
312,秋田県,湯沢市,市,県南,努力義務,,,,未確認,未確認,団体サイトの環境基本計画ページ,中,計画PDFの表紙・第1章で計画期間を確認し、終期欄を埋める,
313,秋田県,由利本荘市,市,県南,努力義務,,,,未確認,未確認,団体サイトの環境基本計画ページ,中,計画PDFの表紙・第1章で計画期間を確認し、終期欄を埋める,
314,秋田県,大仙市,市,県南,努力義務,,,,未確認,未確認,団体サイトの環境基本計画ページ,中,計画PDFの表紙・第1章で計画期間を確認し、終期欄を埋める,
315,秋田県,にかほ市,市,県南,努力義務,,,,未確認,未確認,団体サイトの環境基本計画ページ,中,計画PDFの表紙・第1章で計画期間を確認し、終期欄を埋める,
316,秋田県,仙北市,市,県南,努力義務,,,,未確認,未確認,団体サイトの環境基本計画ページ,中,計画PDFの表紙・第1章で計画期間を確認し、終期欄を埋める,
317,秋田県,美郷町,町,県南,努力義務,,,,未確認,未確認,団体サイトの環境基本計画ページ,低（要件次第）,計画PDFの表紙・第1章で計画期間を確認し、終期欄を埋める,
318,秋田県,羽後町,町,県南,努力義務,,,,未確認,未確認,団体サイトの環境基本計画ページ,低（要件次第）,計画PDFの表紙・第1章で計画期間を確認し、終期欄を埋める,
319,秋田県,東成瀬村,村,県南,努力義務,,,,未確認,未確認,団体サイトの環境基本計画ページ,低（要件次第）,計画PDFの表紙・第1章で計画期間を確認し、終期欄を埋める,
320,山形県,山形市,市,村山,義務,第4次山形市環境基本計画,令和3年度(2021)＝推定,令和12年度(2030),非該当,推定,山形市 第4次環境基本計画ページ。終期は令和12年度。開始年度は10年計画からの推定,優先（義務団体）,終期の前年度に予算が立つため、接触時期をカレンダーに置く,
321,山形県,寒河江市,市,村山,努力義務,,,,未確認,未確認,団体サイトの環境基本計画ページ,中,計画PDFの表紙・第1章で計画期間を確認し、終期欄を埋める,
322,山形県,上山市,市,村山,努力義務,,,,未確認,未確認,団体サイトの環境基本計画ページ,中,計画PDFの表紙・第1章で計画期間を確認し、終期欄を埋める,
323,山形県,村山市,市,村山,努力義務,,,,未確認,未確認,団体サイトの環境基本計画ページ,中,計画PDFの表紙・第1章で計画期間を確認し、終期欄を埋める,
324,山形県,天童市,市,村山,努力義務,,,,未確認,未確認,団体サイトの環境基本計画ページ,中,計画PDFの表紙・第1章で計画期間を確認し、終期欄を埋める,
325,山形県,東根市,市,村山,努力義務,,,,未確認,未確認,団体サイトの環境基本計画ページ,中,計画PDFの表紙・第1章で計画期間を確認し、終期欄を埋める,
326,山形県,尾花沢市,市,村山,努力義務,,,,未確認,未確認,団体サイトの環境基本計画ページ,中,計画PDFの表紙・第1章で計画期間を確認し、終期欄を埋める,
327,山形県,山辺町,町,村山,努力義務,,,,未確認,未確認,団体サイトの環境基本計画ページ,低（要件次第）,計画PDFの表紙・第1章で計画期間を確認し、終期欄を埋める,
328,山形県,中山町,町,村山,努力義務,,,,未確認,未確認,団体サイトの環境基本計画ページ,低（要件次第）,計画PDFの表紙・第1章で計画期間を確認し、終期欄を埋める,
329,山形県,河北町,町,村山,努力義務,,,,未確認,未確認,団体サイトの環境基本計画ページ,低（要件次第）,計画PDFの表紙・第1章で計画期間を確認し、終期欄を埋める,
330,山形県,西川町,町,村山,努力義務,,,,未確認,未確認,団体サイトの環境基本計画ページ,低（要件次第）,計画PDFの表紙・第1章で計画期間を確認し、終期欄を埋める,
331,山形県,朝日町,町,村山,努力義務,,,,未確認,未確認,団体サイトの環境基本計画ページ,低（要件次第）,計画PDFの表紙・第1章で計画期間を確認し、終期欄を埋める,
332,山形県,大江町,町,村山,努力義務,,,,未確認,未確認,団体サイトの環境基本計画ページ,低（要件次第）,計画PDFの表紙・第1章で計画期間を確認し、終期欄を埋める,
333,山形県,大石田町,町,村山,努力義務,,,,未確認,未確認,団体サイトの環境基本計画ページ,低（要件次第）,計画PDFの表紙・第1章で計画期間を確認し、終期欄を埋める,
334,山形県,米沢市,市,置賜,努力義務,,,,未確認,未確認,団体サイトの環境基本計画ページ,中,計画PDFの表紙・第1章で計画期間を確認し、終期欄を埋める,
335,山形県,長井市,市,置賜,努力義務,,,,未確認,未確認,団体サイトの環境基本計画ページ,中,計画PDFの表紙・第1章で計画期間を確認し、終期欄を埋める,
336,山形県,南陽市,市,置賜,努力義務,,,,未確認,未確認,団体サイトの環境基本計画ページ,中,計画PDFの表紙・第1章で計画期間を確認し、終期欄を埋める,
337,山形県,高畠町,町,置賜,努力義務,,,,未確認,未確認,団体サイトの環境基本計画ページ,低（要件次第）,計画PDFの表紙・第1章で計画期間を確認し、終期欄を埋める,
338,山形県,川西町,町,置賜,努力義務,,,,未確認,未確認,団体サイトの環境基本計画ページ,低（要件次第）,計画PDFの表紙・第1章で計画期間を確認し、終期欄を埋める,
339,山形県,小国町,町,置賜,努力義務,,,,未確認,未確認,団体サイトの環境基本計画ページ,低（要件次第）,計画PDFの表紙・第1章で計画期間を確認し、終期欄を埋める,
340,山形県,白鷹町,町,置賜,努力義務,,,,未確認,未確認,団体サイトの環境基本計画ページ,低（要件次第）,計画PDFの表紙・第1章で計画期間を確認し、終期欄を埋める,
341,山形県,飯豊町,町,置賜,努力義務,,,,未確認,未確認,団体サイトの環境基本計画ページ,低（要件次第）,計画PDFの表紙・第1章で計画期間を確認し、終期欄を埋める,
342,山形県,鶴岡市,市,庄内,努力義務,第2次鶴岡市環境基本計画,,,要確認,一部確認（計画掲載確認）,鶴岡市 第2次環境基本計画の掲載を確認。計画期間はHTML上で読めず、PDF確認が必要,中（終期要確認）,計画PDFで計画期間を確認する,
343,山形県,酒田市,市,庄内,努力義務,,,,未確認,未確認,団体サイトの環境基本計画ページ,中,計画PDFの表紙・第1章で計画期間を確認し、終期欄を埋める,
344,山形県,三川町,町,庄内,努力義務,,,,未確認,未確認,団体サイトの環境基本計画ページ,低（要件次第）,計画PDFの表紙・第1章で計画期間を確認し、終期欄を埋める,
345,山形県,庄内町,町,庄内,努力義務,,,,未確認,未確認,団体サイトの環境基本計画ページ,低（要件次第）,計画PDFの表紙・第1章で計画期間を確認し、終期欄を埋める,
346,山形県,遊佐町,町,庄内,努力義務,,,,未確認,未確認,団体サイトの環境基本計画ページ,低（要件次第）,計画PDFの表紙・第1章で計画期間を確認し、終期欄を埋める,
347,山形県,新庄市,市,最上,努力義務,,,,未確認,未確認,団体サイトの環境基本計画ページ,中,計画PDFの表紙・第1章で計画期間を確認し、終期欄を埋める,
348,山形県,金山町,町,最上,努力義務,,,,未確認,未確認,団体サイトの環境基本計画ページ,低（要件次第）,計画PDFの表紙・第1章で計画期間を確認し、終期欄を埋める,
349,山形県,最上町,町,最上,努力義務,,,,未確認,未確認,団体サイトの環境基本計画ページ,低（要件次第）,計画PDFの表紙・第1章で計画期間を確認し、終期欄を埋める,
350,山形県,舟形町,町,最上,努力義務,,,,未確認,未確認,団体サイトの環境基本計画ページ,低（要件次第）,計画PDFの表紙・第1章で計画期間を確認し、終期欄を埋める,
351,山形県,真室川町,町,最上,努力義務,,,,未確認,未確認,団体サイトの環境基本計画ページ,低（要件次第）,計画PDFの表紙・第1章で計画期間を確認し、終期欄を埋める,
352,山形県,大蔵村,村,最上,努力義務,,,,未確認,未確認,団体サイトの環境基本計画ページ,低（要件次第）,計画PDFの表紙・第1章で計画期間を確認し、終期欄を埋める,
353,山形県,鮭川村,村,最上,努力義務,,,,未確認,未確認,団体サイトの環境基本計画ページ,低（要件次第）,計画PDFの表紙・第1章で計画期間を確認し、終期欄を埋める,
354,山形県,戸沢村,村,最上,努力義務,,,,未確認,未確認,団体サイトの環境基本計画ページ,低（要件次第）,計画PDFの表紙・第1章で計画期間を確認し、終期欄を埋める,
355,福島県,福島市,市,県北,義務,第3次福島市環境基本計画,令和3年度(2021),令和7年度(2025),満了済（第4次の期間を要確認）,確認済,福島市公式サイト 環境基本計画（令和3年2月策定）。計画期間は令和3年度～令和7年度の5年間。5年周期のため次の満了も早く来る,優先（義務団体・満了済）,令和7年度末で満了済。第4次の策定状況を早急に確認する。策定済みなら次期（令和12年度頃）に向けた関係構築、未策定なら補正・当初での策定提案,
356,福島県,二本松市,市,県北,努力義務,,,,未確認,未確認,団体サイトの環境基本計画ページ,中,計画PDFの表紙・第1章で計画期間を確認し、終期欄を埋める,
357,福島県,伊達市,市,県北,努力義務,,,,未確認,未確認,団体サイトの環境基本計画ページ,中,計画PDFの表紙・第1章で計画期間を確認し、終期欄を埋める,
358,福島県,本宮市,市,県北,努力義務,,,,未確認,未確認,団体サイトの環境基本計画ページ,中,計画PDFの表紙・第1章で計画期間を確認し、終期欄を埋める,
359,福島県,桑折町,町,県北,努力義務,,,,未確認,未確認,団体サイトの環境基本計画ページ,低（要件次第）,計画PDFの表紙・第1章で計画期間を確認し、終期欄を埋める,
360,福島県,国見町,町,県北,努力義務,,,,未確認,未確認,団体サイトの環境基本計画ページ,低（要件次第）,計画PDFの表紙・第1章で計画期間を確認し、終期欄を埋める,
361,福島県,川俣町,町,県北,努力義務,,,,未確認,未確認,団体サイトの環境基本計画ページ,低（要件次第）,計画PDFの表紙・第1章で計画期間を確認し、終期欄を埋める,
362,福島県,大玉村,村,県北,努力義務,,,,未確認,未確認,団体サイトの環境基本計画ページ,低（要件次第）,計画PDFの表紙・第1章で計画期間を確認し、終期欄を埋める,
363,福島県,郡山市,市,県中,義務,郡山市第四次環境基本計画,令和4年度(2022),令和7年度(2025),満了済（第五次の期間を要確認）,確認済,郡山市 第四次環境基本計画ページ（令和4年3月策定・4年間）。令和7年度末で満了済のため第五次の状況を要確認,優先（義務団体）,次期計画の策定状況と計画期間を確認する。策定中なら部分支援の余地を見る,
364,福島県,須賀川市,市,県中,努力義務,,,,未確認,未確認,団体サイトの環境基本計画ページ,中,計画PDFの表紙・第1章で計画期間を確認し、終期欄を埋める,
365,福島県,田村市,市,県中,努力義務,,,,未確認,未確認,団体サイトの環境基本計画ページ,中,計画PDFの表紙・第1章で計画期間を確認し、終期欄を埋める,
366,福島県,鏡石町,町,県中,努力義務,,,,未確認,未確認,団体サイトの環境基本計画ページ,低（要件次第）,計画PDFの表紙・第1章で計画期間を確認し、終期欄を埋める,
367,福島県,天栄村,村,県中,努力義務,,,,未確認,未確認,団体サイトの環境基本計画ページ,低（要件次第）,計画PDFの表紙・第1章で計画期間を確認し、終期欄を埋める,
368,福島県,石川町,町,県中,努力義務,,,,未確認,未確認,団体サイトの環境基本計画ページ,低（要件次第）,計画PDFの表紙・第1章で計画期間を確認し、終期欄を埋める,
369,福島県,玉川村,村,県中,努力義務,,,,未確認,未確認,団体サイトの環境基本計画ページ,低（要件次第）,計画PDFの表紙・第1章で計画期間を確認し、終期欄を埋める,
370,福島県,平田村,村,県中,努力義務,,,,未確認,未確認,団体サイトの環境基本計画ページ,低（要件次第）,計画PDFの表紙・第1章で計画期間を確認し、終期欄を埋める,
371,福島県,浅川町,町,県中,努力義務,,,,未確認,未確認,団体サイトの環境基本計画ページ,低（要件次第）,計画PDFの表紙・第1章で計画期間を確認し、終期欄を埋める,
372,福島県,古殿町,町,県中,努力義務,,,,未確認,未確認,団体サイトの環境基本計画ページ,低（要件次第）,計画PDFの表紙・第1章で計画期間を確認し、終期欄を埋める,
373,福島県,三春町,町,県中,努力義務,,,,未確認,未確認,団体サイトの環境基本計画ページ,低（要件次第）,計画PDFの表紙・第1章で計画期間を確認し、終期欄を埋める,
374,福島県,小野町,町,県中,努力義務,,,,未確認,未確認,団体サイトの環境基本計画ページ,低（要件次第）,計画PDFの表紙・第1章で計画期間を確認し、終期欄を埋める,
375,福島県,白河市,市,県南,努力義務,,,,未確認,未確認,団体サイトの環境基本計画ページ,中,計画PDFの表紙・第1章で計画期間を確認し、終期欄を埋める,
376,福島県,西郷村,村,県南,努力義務,,,,未確認,未確認,団体サイトの環境基本計画ページ,低（要件次第）,計画PDFの表紙・第1章で計画期間を確認し、終期欄を埋める,
377,福島県,泉崎村,村,県南,努力義務,,,,未確認,未確認,団体サイトの環境基本計画ページ,低（要件次第）,計画PDFの表紙・第1章で計画期間を確認し、終期欄を埋める,
378,福島県,中島村,村,県南,努力義務,,,,未確認,未確認,団体サイトの環境基本計画ページ,低（要件次第）,計画PDFの表紙・第1章で計画期間を確認し、終期欄を埋める,
379,福島県,矢吹町,町,県南,努力義務,,,,未確認,未確認,団体サイトの環境基本計画ページ,低（要件次第）,計画PDFの表紙・第1章で計画期間を確認し、終期欄を埋める,
380,福島県,棚倉町,町,県南,努力義務,,,,未確認,未確認,団体サイトの環境基本計画ページ,低（要件次第）,計画PDFの表紙・第1章で計画期間を確認し、終期欄を埋める,
381,福島県,矢祭町,町,県南,努力義務,,,,未確認,未確認,団体サイトの環境基本計画ページ,低（要件次第）,計画PDFの表紙・第1章で計画期間を確認し、終期欄を埋める,
382,福島県,塙町,町,県南,努力義務,,,,未確認,未確認,団体サイトの環境基本計画ページ,低（要件次第）,計画PDFの表紙・第1章で計画期間を確認し、終期欄を埋める,
383,福島県,鮫川村,村,県南,努力義務,,,,未確認,未確認,団体サイトの環境基本計画ページ,低（要件次第）,計画PDFの表紙・第1章で計画期間を確認し、終期欄を埋める,
384,福島県,会津若松市,市,会津,努力義務,会津若松市第3期環境基本計画,令和6年度(2024),令和12年度(2030),非該当,確認済,会津若松市 第3期環境基本計画（令和6年3月策定・7年間）,低（期間先）,令和12年度満了。次期改定は令和11年度頃から予算化を確認する,
385,福島県,喜多方市,市,会津,努力義務,,,,未確認,未確認,団体サイトの環境基本計画ページ,中,計画PDFの表紙・第1章で計画期間を確認し、終期欄を埋める,
386,福島県,下郷町,町,会津,努力義務,,,,未確認,未確認,団体サイトの環境基本計画ページ,低（要件次第）,計画PDFの表紙・第1章で計画期間を確認し、終期欄を埋める,
387,福島県,檜枝岐村,村,会津,努力義務,,,,未確認,未確認,団体サイトの環境基本計画ページ,低（要件次第）,計画PDFの表紙・第1章で計画期間を確認し、終期欄を埋める,
388,福島県,只見町,町,会津,努力義務,,,,未確認,未確認,団体サイトの環境基本計画ページ,低（要件次第）,計画PDFの表紙・第1章で計画期間を確認し、終期欄を埋める,
389,福島県,南会津町,町,会津,努力義務,,,,未確認,未確認,団体サイトの環境基本計画ページ,低（要件次第）,計画PDFの表紙・第1章で計画期間を確認し、終期欄を埋める,
390,福島県,北塩原村,村,会津,努力義務,,,,未確認,未確認,団体サイトの環境基本計画ページ,低（要件次第）,計画PDFの表紙・第1章で計画期間を確認し、終期欄を埋める,
391,福島県,西会津町,町,会津,努力義務,,,,未確認,未確認,団体サイトの環境基本計画ページ,低（要件次第）,計画PDFの表紙・第1章で計画期間を確認し、終期欄を埋める,
392,福島県,磐梯町,町,会津,努力義務,,,,未確認,未確認,団体サイトの環境基本計画ページ,低（要件次第）,計画PDFの表紙・第1章で計画期間を確認し、終期欄を埋める,
393,福島県,猪苗代町,町,会津,努力義務,,,,未確認,未確認,団体サイトの環境基本計画ページ,低（要件次第）,計画PDFの表紙・第1章で計画期間を確認し、終期欄を埋める,
394,福島県,会津坂下町,町,会津,努力義務,,,,未確認,未確認,団体サイトの環境基本計画ページ,低（要件次第）,計画PDFの表紙・第1章で計画期間を確認し、終期欄を埋める,
395,福島県,湯川村,村,会津,努力義務,,,,未確認,未確認,団体サイトの環境基本計画ページ,低（要件次第）,計画PDFの表紙・第1章で計画期間を確認し、終期欄を埋める,
396,福島県,柳津町,町,会津,努力義務,,,,未確認,未確認,団体サイトの環境基本計画ページ,低（要件次第）,計画PDFの表紙・第1章で計画期間を確認し、終期欄を埋める,
397,福島県,三島町,町,会津,努力義務,,,,未確認,未確認,団体サイトの環境基本計画ページ,低（要件次第）,計画PDFの表紙・第1章で計画期間を確認し、終期欄を埋める,
398,福島県,金山町,町,会津,努力義務,,,,未確認,未確認,団体サイトの環境基本計画ページ,低（要件次第）,計画PDFの表紙・第1章で計画期間を確認し、終期欄を埋める,
399,福島県,昭和村,村,会津,努力義務,,,,未確認,未確認,団体サイトの環境基本計画ページ,低（要件次第）,計画PDFの表紙・第1章で計画期間を確認し、終期欄を埋める,
400,福島県,会津美里町,町,会津,努力義務,,,,未確認,未確認,団体サイトの環境基本計画ページ,低（要件次第）,計画PDFの表紙・第1章で計画期間を確認し、終期欄を埋める,
401,福島県,いわき市,市,相双・いわき,義務,いわき市環境基本計画（第三次）,令和3年度(2021),令和12年度(2030),非該当（ただし令和8年に一部改定を発注）,確認済,いわき市 年次報告書／一部改定版素案（令和8年）。改定業務は公募型プロポーザルで発注済み,優先（義務団体）,改定業務が発注済みのため、範囲外の二次分析・レビューで入る余地を確認する,
402,福島県,相馬市,市,相双・いわき,努力義務,,,,未確認,未確認,団体サイトの環境基本計画ページ,中,計画PDFの表紙・第1章で計画期間を確認し、終期欄を埋める,
403,福島県,南相馬市,市,相双・いわき,努力義務,,,,未確認,未確認,団体サイトの環境基本計画ページ,中,計画PDFの表紙・第1章で計画期間を確認し、終期欄を埋める,
404,福島県,広野町,町,相双・いわき,努力義務,,,,未確認,未確認,団体サイトの環境基本計画ページ,低（要件次第）,計画PDFの表紙・第1章で計画期間を確認し、終期欄を埋める,
405,福島県,楢葉町,町,相双・いわき,努力義務,,,,未確認,未確認,団体サイトの環境基本計画ページ,低（要件次第）,計画PDFの表紙・第1章で計画期間を確認し、終期欄を埋める,
406,福島県,富岡町,町,相双・いわき,努力義務,,,,未確認,未確認,団体サイトの環境基本計画ページ,低（要件次第）,計画PDFの表紙・第1章で計画期間を確認し、終期欄を埋める,
407,福島県,川内村,村,相双・いわき,努力義務,,,,未確認,未確認,団体サイトの環境基本計画ページ,低（要件次第）,計画PDFの表紙・第1章で計画期間を確認し、終期欄を埋める,
408,福島県,大熊町,町,相双・いわき,努力義務,,,,未確認,未確認,団体サイトの環境基本計画ページ,低（要件次第）,計画PDFの表紙・第1章で計画期間を確認し、終期欄を埋める,
409,福島県,双葉町,町,相双・いわき,努力義務,,,,未確認,未確認,団体サイトの環境基本計画ページ,低（要件次第）,計画PDFの表紙・第1章で計画期間を確認し、終期欄を埋める,
410,福島県,浪江町,町,相双・いわき,努力義務,,,,未確認,未確認,団体サイトの環境基本計画ページ,低（要件次第）,計画PDFの表紙・第1章で計画期間を確認し、終期欄を埋める,
411,福島県,葛尾村,村,相双・いわき,努力義務,,,,未確認,未確認,団体サイトの環境基本計画ページ,低（要件次第）,計画PDFの表紙・第1章で計画期間を確認し、終期欄を埋める,
412,福島県,新地町,町,相双・いわき,努力義務,,,,未確認,未確認,団体サイトの環境基本計画ページ,低（要件次第）,計画PDFの表紙・第1章で計画期間を確認し、終期欄を埋める,
413,福島県,飯舘村,村,相双・いわき,努力義務,,,,未確認,未確認,団体サイトの環境基本計画ページ,低（要件次第）,計画PDFの表紙・第1章で計画期間を確認し、終期欄を埋める,
,,,,,,,,,,,,,,
計画期間の空欄は『調べていない』という意味であり、『該当しない』ではない。03_確認手順に沿って終期欄から埋めること。,,,,,,,,,,,,,,
R9年度満了判定の列でフィルタすれば、★該当・▲有力候補・要確認をすぐに抽出できる。,,,,,,,,,,,,,,
接触優先度は予算確認前の仮置き。当初予算を確認したうえで、営業整理v8の07_営業先優先度のS～D・S+へ置き換える。,,,,,,,,,,,,,,
